5d0b7190-59b7-4322-86cb-0f7a809bfe8c,rWthDml@uwaterloo.ca,3,bSUPqvguRDVfXbQxKbgAvAeNLnEiZVZXGxlTQwYaRWmFpmUKtjjHpZWJOUfMaWOSlWlyXXCwqZgXZZpdwkiAreUyygkbQGtDEpCGAZYSLCdNkSnShOYkcgaglijDzQdVEFCyuzfInDZfNUddmLuHHY,2018-02-09 00:07:32
8ea020df-88e8-4f0a-b357-c405a8ac9da6,z@uwaterloo.ca,3,YPMxJaRUlWmoOavXSbxMcXyHBJGJwZihArDSbagoNadbXybKwidviuuJnvwhOXnXPrEEnczNGNkNpEYwPaotzEWKdUPEalBVxgaFnGkWygXaDuXzFekWVMZVITDRZhVqeddEcuHUezTKlAlPqqtsJE,2050-10-30 07:47:06
853bfee9-5616-429d-b659-33569a62fa83,FBXXtHVD@uwaterloo.ca,2,tklGJnUNYAgOHkqijQTQngAdjwtWjVmpSCCDxHXBdOEDjwLrbrITJLWWVyopFTVfnmPChnJALxsrAhBWOeVHAZvoFPxatjNybGQQPopenBgzlImnjdOiWYJXDsAhwmvNbnyzaxJinLgOjzWaoxqlBV,2039-12-18 12:52:25
4218f01f-a7a0-47b5-b17b-5c3b4ff03958,OYFWxVM@uwaterloo.ca,5,HdkKzdYACXdhJZhHJgjvZFUhWoXsnxHpaOYFRwErPhJcioGekbJAWaDftrhDeKApJQTaTtuQZzKmPiedJLkifArcjZpZLxVwLIKJbkvHTkEYpXVwNImkqzaDUYZWJKHHbDCoWSbFJIgEbCQcpTJEvv,2063-11-26 10:28:21
93b8a468-1165-4cb2-92fd-a222eed38c7e,MUuS@uwaterloo.ca,2,NKjbhKSicZgTQEBJErpOZJTREKfwGCrJYQGEeaIXGIyYtjsaFSCodrOdHXZVZWwrUiEhoCQyPlnBBQriMIiyanIlLTCEtQDUNEpRZJwoshJoQwzxpmITzBMEaIDJIATBAUxbXdfMqTgAkCSYKMUeek,2066-09-22 21:28:59
9dc10a70-37f9-40d4-a66e-e91422e5b7f1,UAqusRyeHjY@uwaterloo.ca,1,oRdYHchCGGThzdOHomWzAVuEObsKymirACihJbQqIZfmTqJiidvbByQzSbHZtKOMawUzBbUmCWAZpPfPOFJCAKZgClFjwxswRkZFmHYibjXedUWLncijvCPnskIPUPmujHSFQnMpQbTZtcoBLGqqeC,2036-04-25 15:04:09
45c8cdfa-9003-4a26-8b55-ec0f50cfa0cd,ZMWwOzywzjT@uwaterloo.ca,3,efJRrlkgTzQiCqMWsAkGmBXEZklFZqeXAFzrIWjwcdBDpYIqyAGqcSLiKoCaarLRjLJpVVmlHfORgJuYFshunCVHrythKwAmCASsqDUzXNOJXsIamQMQlJigvNqMUGnsnziXrdFrmcQIVUnHKoYHjI,2057-04-07 00:27:14
27d116b2-5aef-4431-81c3-ed558d7e39cb,DHMpGQjHz@uwaterloo.ca,5,gsYlWtLAzOToHvBpLbyjxpCifMYVKDqWvbEhDjcdWbjqIXfYvIaxFlyfXymxaKZThCmjIyqgbVYVJxuLcHleCDRWgTgVWMxvYgUGzhGmzQJpRiBjUiavoGnoCdgYViTaBQcUJTjwZnyurRnhJASirg,2017-05-30 00:01:25
4b78ee7a-6f07-49c4-a4c5-4b69c3f16914,j@uwaterloo.ca,0,NJofZYywZiQXrlFBREUvhTeKjbCgqbmGWRAbvzJoRNaHOKKqsLVTdGBMwkIuVVtLVwQurgwsTUvXqIJoymkdQWiHtoySCOtkkGsNmUCetXxCGUlgsItqRGalIBuJQyRHETRcdsSTxgoSprWFHliUXk,2020-11-12 13:47:14
9e5a0414-1587-462d-8cdb-85f99220ab32,i@uwaterloo.ca,3,rkxGPZpJFpcpZcwzAsRrJCmrJunLAxLomxUIxgoJgfPHRAlDLLZheJWxiJuLLtjTOBarUJxvLvSDWTdJCfaCVAWUevDNAJRAmtChuTDIhlBuSoNgMTdtWizhTscZLLYLGlMOazSSLACJgaysFOqChJ,2052-05-22 03:27:03
6250faa2-aebe-48c0-bf27-89cc17aba5ee,MUuS@uwaterloo.ca,3,eGuDdNTakIBsxdSaOHBBcgJWeZHBcTYfWJCMomlaAkeCJdnKvVnlhJXtvymXtiavSoylHwhQUUcEoTKgEuGYEspshJErWHsMreEStTRJUKUrEJYCYpmhzbjSCOnRDxGXylWdAfSxCQykztaEyLmURY,2013-03-04 14:43:04
e2b594fc-a25c-48ee-a821-0fc812a4ed61,GYJW@uwaterloo.ca,3,hQYmMvWLlycVAxnczevGcMhhreFzumznWSEDdKCRcOBoGdnNLdfSnFlsGynzybYVAdNGBxLoTqSqVHzIVOkVXbTZcMsYIdLRPgogUPggtSspHwvCSMvpPxnTSYwBtawDKoienDPqSRmzqZCKzvVDeG,2058-01-23 00:36:50
c598ff76-4d5e-48bc-84f2-7cc112c4f20f,UYtmL@uwaterloo.ca,2,JZShhAbHGRAafKdvoShTUTcmGQQpVyegNneEBNHQSMGPLEVkuPMBsjkHquzDEesJRRvPvCeOYqVdRpBmLrYJGVCNTMHxEQRoTAqJbkvvdIIsikeaWqznxGtgWVUFlIDnVCmgtNyOMLUmBHbdiQapep,1985-10-03 16:58:58
b4849dac-097e-4a15-83db-d2442cfa15da,DxXARcsngw@uwaterloo.ca,4,qpTzUkUoNNaKoPpMIRViFfMQOiZExHmeekrCozEyHyvziNlTzTkUVmOPbGEXjUJJdleLHJcfFWeXUCcOtsDpJThykKzdwDIbJjMmcrrqEfYdfopXEgQyOBjfCwzJgUtbIPwpIDnjjfBsQYFovjcpNV,2075-05-15 23:09:16
44953af0-3981-429a-ad19-68f925134816,N@uwaterloo.ca,1,XtiIWjYYHFGiOiDJrLgMmTSdQkzrsNDgBKjIScEdtuQSbCAGlnyowHETwrEGbukZFlkKAhSwOtpzWGfnUMHcSYlrvFTJostrchmrDssHxFKMDIotDjCSmKKqMPNzpHxEewLvSiyAKilmggFSJlUmKe,1980-04-04 20:29:38
1cab2ceb-d104-4309-9a7c-9b5e44ea71c5,GYJW@uwaterloo.ca,4,CRLRVPZDFlKkwcvGHzsQYrxQIbXnHinwCMvhaBdzMUIRCLUYFFRxPDRzCSAFrxJoLokywhmaivZbVoIjzSDdzDoCoudiDnJxHbHhFCNPTJgYzXtatnGwWAKgcJDINmOQycJhFMKOKJgExMchXapIgX,2012-10-20 23:18:52
66e736cb-9a8c-448f-bbf3-7eb920d11302,DoNFDJj@uwaterloo.ca,1,xNZPIpfDRBoOGyUTdQARTIOARuRJulSuYxzZwZADQfVmIvXXPVLcPXjUJAbtExclEmdwSSCzjsLQdBBdHzgqCuZICdvSNNUpqFcJFMbfLCyRKmCDSXouUZZawGoPkVMnXYdjmaCHvzxNjDWloGcfJY,2055-02-17 22:36:15
cb7a7b3a-9ed5-4d36-8bbf-5c22d30a8e10,i@uwaterloo.ca,4,CZxpCEJYGGnsvHpvRmGnzeMKgKtSfQaLKgpcuADgGPTdstKzpqYhcdThBjdVMcbUqDRbOMLlaLQsTKnVgtTTFAcuOMHfgJKCYEArKaHzOctMdZvPXnxOIRmKlixLDtCbwgIqfslAqCpgUBziLrTqjV,2005-11-21 09:28:56
d57c0c25-c7e9-4170-8155-c10e744ff86a,z@uwaterloo.ca,5,vTWubzsBPqgJfdRQiiaurIMcDHIjSTZSLjBJHHZgMGSicqrLBbNsvQVinpSSIhPrOMwwpEcyBxeHbGmvaUPEmbpdbamSYZyERBopdvyKhoIzWuIQXHRVPBgKvFMHnxJVHCTTLWxOKMYRNHpXyxYMJy,2041-10-25 22:04:13
aefaccec-74d1-4074-b288-ddbd0fe49a73,wbSmiumgifG@uwaterloo.ca,4,mQbtGgLCWqRrjdJMWEBjeefBHNmgjLKNoTBnngrkUhkiPEUQGGFjdpHZErSzJuWaPGhFKMyZoHZTucnrOCYljmQmDmekMMrqnqkWxnzjmJgOpKEawAuydHSqaVXWaOwQZKnWHPVQPiaGLOhRRFzoVd,1981-10-12 15:16:54
bf37a00a-6db8-4db5-b32b-4ccec6fe6578,F@uwaterloo.ca,0,gwesrKZNsozcqPXebZRLFGGNJwVYlBZMEQJHEHiAnToJhLjQnCDnFgukYrnIYgICvsaiByWYNNivmwHbBRYldCefRWEZtBOWgWBUrXrqSVCoYTyBSjIGcpNdoWuqYZGOOwCwYspxzAzwkUgozdMmKt,1975-09-15 00:12:49
a0fb2bb2-04f5-4f66-93a1-da0ba3627ee2,HjgF@uwaterloo.ca,5,dMGqLntQsGshriRTGVqUtbDrEysNrtHYNlTJwTWrnPOMHTXOuiwEnQQNLxojxjuCgwGKqfLNXXEwREdIqAFpePvLSAvaUmGNROrRTeAMSoOyEENxVAipTLfqFqMZmpvZzxeWuqvyDfHbqJZfzMmSlE,1999-01-31 19:17:05
d14aa4d0-7479-42fb-9988-d4577f6a862d,nmYcT@uwaterloo.ca,0,WqjKuYDsUquBqcgskZBkcJLforJVQDXomsAjeXYhRZjJIWjHaTAyhvQRtaFfzgRRfIdWAGCzQUgJnXgrcgIAgliMhyFAjQkdCxKydrdYJfpYUEaKfldNmwYCcRuzJqXgFQJckqZgDebqOoDhLHUsRT,1984-06-03 01:46:26
fd3bfc9b-3071-4a06-8a40-6dd1905135a8,GFlWfcinQKO@uwaterloo.ca,3,ccWHhaqQrGjkNIrMkTLPCQOkrOFckLvbNIumdZvjhRNrALTTIwgjzrkGdAHVNjHMdmkSGKrnrvCXnLIzATeswcdXkupodhtlywBjdQGIoetiFysTWdMkwJyGTWnqUJLJCCzLIabLRfmeGBXRjGEPmN,2056-09-12 06:16:15
b91966b3-dbae-47db-881e-2de184cc9de3,UAqusRyeHjY@uwaterloo.ca,3,dzPLIgBUmhtKXYAiKgGmhPzhgpfwkbSShdiZqcAMjzVcIHLUhFaUgKUfGpgLUPCWjuSufOzoDFpyAyrWlHHqvNyTCCVbiovSPhWwXSlTacifENIbgfumImfyFljCijfcLXsLDqfosHPwsPDgzSFBst,1980-07-13 19:04:55
6e513326-258f-4918-a304-1378b411e2ba,GYJW@uwaterloo.ca,2,bDtGAhBmfycLhbynqqdbwmeYURIhWXfgbNehrEEADrTpjvqtaOemTtuNfHMYhzKexaIHUdtVOYpfAsKerfncxEiKnAhZEoBxcIzZNBizuyTDpQsHDSvRJUhXYZwzXdVSAGbMNKAxavDaaqhBiTfHER,2067-10-26 11:30:49
ef668038-af0f-41a0-a268-c4e1f73c961a,BPtgAkdrH@uwaterloo.ca,1,EFLRkNwpdJyiPxmCwUBhonYLSxOtOEOJFtVLsNhkvYGzJPGLQImqXNMOFxzQLAChYfAwWmApBtSobxsFYmbwefTYxYUbCxplilDZTYdvxgtOXIcBQwThXsmLBLEOqflQqAsanJJfcKEhqdtejeWOUh,2017-05-20 00:50:25
4040b1e7-e8e1-4544-b9bf-de861d7d1fd2,Vk@uwaterloo.ca,5,JPSYSRIPHDCVtYGIEMUmMWRMBNRZdlLNXNZHXjvZioxMCYPLBMXhuyyPLBhVIwirfHPOkViLVPwGVcIZmkoJKplkfcvKjcAisuGfaYOWZrOngbMRCbYNkPzdnunigQNrEGIDMSxGvsfctwiLduxnrL,1990-07-30 05:14:00
418b6d84-dd51-4000-b6a6-df1a128b4f6e,OYFWxVM@uwaterloo.ca,2,BpghEnUfXRlUliYGDvoPqBwfnIGmhrQVZuvbIyvOGGXDCDsGIPetgoYYBvNiGDdAMqYGbiAjWoczJaEiYpMnvBhQLbfodddhOrMxzoKNYDLLXJRYBhbtNnqgdclnpWpSdMWWqCvjdDQcDfqkHNTPqn,2053-05-17 08:31:49
47488fd3-32df-4aca-b216-d2ed37bb547d,UAqusRyeHjY@uwaterloo.ca,4,NocBnwRTkSmhiMLWeGVjKukNhgkglurWsjVvJheCKttJOcvEAkIqqWCMJxtZWZFqGSHWEmsEpOGUQEOSpnWGUDyhzzfbNoWHrjKwTxjKAEdIMrwKxzyklGyrCzQTniAuhxlTMQYJAuCYVGFmkzQYmL,2021-06-27 13:16:44
d5fbd555-11e4-4b2b-8c80-cb4cb1b06218,nmYcT@uwaterloo.ca,5,jVJBCUDpPqcdUEUMNGtYSqNIxyjNfNuYiTxhyNXMaKbnAKbwjPIZIRRcQBJxafSExjcDguawUamvDCkWwDAXEVdNlirxWnHWiKuIIFIbKfBgDsYKmRNWRUiJCiDqfNFYlsWMNqsKCeyrFtpcWdCIyS,2028-03-08 06:36:37
ae5023d6-4025-4539-804f-0aa886c334e2,DHMpGQjHz@uwaterloo.ca,3,LUwaQbmVkBPmeDjwKWhkrDQqhCQdBRDGAwHCCvHcwAhSVdaDvzIjYHeVZEfWLABfPNLrovmUCymfuNjYtxlcwgSrkIGknbcHMynXNzJAfnnJPWJiDObWsDlNxishAwrXVnPgaxSELDAkIeCMSysPKk,2031-10-01 02:18:58
266c4e2b-911c-41bf-ba97-7cfedeec29a1,g@uwaterloo.ca,2,LyDtInAMjOSncePDOZDucKyazSBiGUGIMeYZxmVLiAmkAhystoRoBHkXsqsphObDoGiMiRtguSjmRciMmLENBfdJNCUfloNszFJCwTuRFLmLZRFoSEEYLNrTQJdGkAgFHGbPvcRVppJxxhmZsugwYJ,2070-06-28 04:56:41
655682f5-0c2f-43aa-8b09-6bc38442c776,DoNFDJj@uwaterloo.ca,1,yzJWKufKUTxRrKwNSfXERzDuGlJLXtWTpnqARqKbbMzztEjpPDgbGpVYvEgEKJIoCiCTDnSMQUWDZQRGeEUBAVpYjVQPjCATERaUxHdRFcMqIPcMejLjQhjmCauBTmJLNwTXNKmgIqLfhXpCmMRAZu,2034-05-06 01:44:08
ae12dddb-8c0b-4d09-9c79-2f355803c344,HjgF@uwaterloo.ca,4,ZVAaDDsQzQowHoNHHFXgbiphGuqvUDEYnYIptBXUFpVzIyXnnbQWDswsQPzljvymzSavtbdjHnIkGPGQBjxYsyywwSnbrTocYugROnFHQMMCmAaVIOhbRvntnSaMmnQwnXzWENGEIcYYDXbIXmUkmp,2053-11-13 22:02:48
3a22c3a9-322b-4483-a165-b1055d856512,j@uwaterloo.ca,1,HbKbmGbAqEjYWceWTotjvnVPrUyntKEGwCISvQDEDzgCPRNpkGXrdtoqEHrdwnYMvvzyEAEDdDCthoexOZSLOCWzsECtAEGsdntKremlPeQGdfeXlPPbNxurObzRhJEfmWVkPGHfkWkMNVYbeLeYWh,2033-02-11 14:17:11
b82d33a4-be2f-493a-93d5-ce5fed81fdce,VPC@uwaterloo.ca,2,BFgCtnRxdvMfrHxmJDcygjbjHMGbsTZhxrLrcLgpPVzRSpkFRHbNbDODqQqXiaQeyQVZaHtWLlDmpBiqbRnpNYQSrPJprWasKuqpfWOfpQUOjgsEpQoPzVXNsHbhVAaltwFjETuiVdHZjiVRpjvmrE,2031-08-26 15:59:09
1ecb27e0-08d9-4b43-9267-665df3f91f10,yTFsFRqAs@uwaterloo.ca,2,WaSXKYgbkvWEZHwfbOpKSHgchQWoewkdiBnlCTHTGyBDtGpUZMpnXpdWWYDDTBgnWVZrYntfFOEWbGshcVEQiUNjRvmyktvjitnELbWJkXDaChgcJnGLihoHnjdHIikxVPOpHcIomAxGuicKAfGDDP,2035-06-20 19:16:04
9d93b45e-7ccf-4226-88c9-12a968fd57ac,FBXXtHVD@uwaterloo.ca,5,xjsElEmKEcsITIcleQtPBvguygrIcfyaxvVrtcyEbvQZEicCuUWKImevHiHsUAcAyvLpNeCaWWTGuvgcTllMqVTJXxdylNscXtXfNhPAHkNJEeaCGlKuUwqTrIriQXrNtlqARXYievhECIqRhXdHhA,2062-12-24 09:26:02
7d9b9548-d130-47c7-9f22-d2575a9ba34e,DoNFDJj@uwaterloo.ca,3,ihwTpaMuhmBjmOoxUoZzaasnlkQBzCPXqxQBSMxYZsbWRYaIFckpUlHRSHICJtRVxNLCIShjJUemWGIcMyIKJYcPZxxttGGMCkojKdfpezWGCIMiqxxmEwtibUuoTYfZxvhOAggnukGCaChVgwsxNX,2064-02-01 19:13:07
d57c0c25-c7e9-4170-8155-c10e744ff86a,z@uwaterloo.ca,5,aJvasFFvKrcStKYJxWaILfRoacbYtNSadLxmgUhJTOipbWFegzUFWdGTulESyoPSsbuboDRAwHgYRSpQKjYDkiNitUELOmGXrvTeSGvsbaFikkzHFmKYTWNzkISuQXSKjfUaKmAGtnreISatSLMsxb,2040-09-15 21:47:48
e5646e73-2617-4287-a62a-c886512f5ada,TSkAlXCYUdu@uwaterloo.ca,1,IYufzYJYaTcWhUOOvTGGUUQpvKMHSPCwGxSFyLPiiYifsPdSCyZOxNEauVOvNwSNzXymMfSEhNYqyCcWhfruJAQcgmCpgzMhPIPTeCQmXbVNBFtyveAJMgALCpLSbOqboEPvjmtQvSMstnNLBLfZEu,1993-02-20 06:13:11
d0dd1ca6-a0ed-4428-a0eb-5e43fb5857d8,TSkAlXCYUdu@uwaterloo.ca,4,gWQDnkiZXPXtjMuRFEXbFArVLXrLTlFpQRVaYMjhfBfpONzszWBcbgvDITNxNBcPYbNlufeiDZBITWvhUEFWZvtuuQmTRkbCHWEZFyDJFCjYgelCKlhCuTwCoTkILlhJBQRtgzjPQOElpMpDXmUuuw,1989-01-28 03:49:38
397f91ed-cf27-48d4-ba00-fc452bced832,GYJW@uwaterloo.ca,1,RofCqfTEGhyKKlIjZSNbnANRXxuUsmfZIwkaDoDpxBFGJqyYSQJGmIuRSvOztieMkZbLzrlxjNihKPtvpCPZBPsvAuKWZhjmnIdUArWdgDmzwkjXDRDBrqiHleaLFHevULrRkZisIGXXhByPsqnRXs,2009-12-11 09:41:32
b62e94c9-0e7f-4f96-8881-fcc02266428f,UYtmL@uwaterloo.ca,3,upIYzMdocYUPitpINcNMulWZhzqQbsuUjHYvuehtuwdlpxPyIgNclWBPXmZfXYuNwNlySabbeAlgYUlkADqkbWqJZaBDPjEtojoZlBbctFGYQNsPjosabtTPgmbbGBQInoGfmiIsNGUTahsrJRiOaB,2000-05-09 20:49:10
bb83c5f8-2d9a-41aa-912d-e452ba6fd8ad,Vk@uwaterloo.ca,1,hxkUvJuxdDRwmDSYKKvDEvlCCLDaJsfANrEKCPHLvFwODolvCBnEdnzPrIEXhLGvpCBuDJLzKSZKKNnuwmHTILpVyYgZYWLfFkuISxgmIcCoAQJgKiuhXaBBINZoQCpCeSaumOVKLzrODtdFbTOeea,2055-03-24 13:15:24
3d841b01-378e-4c63-943a-5b50acd01d03,wbSmiumgifG@uwaterloo.ca,3,RPYYQmuqDCfUKmDnxeIOMpUZfDpsezEpViPNFLhHKOcCxGdbGZbIdvhLJSwHSxIgmFjuFcytTROZePsabcmsZfQfTNlpxuUFYgbwjIxPSYCXUZcOaWVqETcauOxdwEunSQZtwFbNlhNuKGIUlefTZQ,2058-01-25 20:35:04
3d84097a-74eb-49cd-89ea-52b69df7a696,GFlWfcinQKO@uwaterloo.ca,4,PCYhbWZnmXHmyRHrtYhceQPVedlbqvsfWnsuCVNFWnmSTMxhGUJeVOZfZlYrTrANQDrJvTxqDMVYCrsOzGojIqgxXXgDDMKKAUWKMMAvzXyvSDPENILRgCQZmOzumsdKaTstVbjBEDVZOWZhWKuwat,2041-10-26 11:25:04
00d86fe5-091d-4831-9f34-5f985ab55590,fivQbW@uwaterloo.ca,3,EbHYkqJjwZDfNxUGNiFKwPBRFaIKOtqbIaaJabXmentiIquRWufFlBaLXsRBuBNFYilXcogKCOBVXUouHtNFFcVqgjnpFPmqLWDbPzFHIkWQIaKIayxCHLsABseIlZurlAZStmqGETVtKMXowpubZc,2063-11-12 12:24:24
a880a08e-14f8-4909-ae60-68225ae45f71,UYtmL@uwaterloo.ca,3,FHEzXVohItxVgODJFTDUtbfVIbLJISCFPsunURBfepsSCiqJOHKBOhJolLOGuhWvweTvCOQBibrtnJnKEeilpIEIvgVLfOducsFmOhBLRYABhqjraqxIqBcpuCKZzkOAycRaUDJiHQwXtAIoiTLMTn,1993-07-10 23:49:19
f97a3777-00e0-4fde-979f-9520ae7f16c0,F@uwaterloo.ca,3,pVxVapMEfFIdtsNBKLZjyAQVogPBhshRbRQUFKuWLQaKpvWkyFcozbjkQpuesgPWVOPApDgQAXILtxWVVBidwJnJkyHeojLGVwUDcvGERKjeeSExDdASnospNiuxgcrewHXGFBZCFnDRgNgzavKjpk,2005-10-16 03:40:20
b62e94c9-0e7f-4f96-8881-fcc02266428f,UYtmL@uwaterloo.ca,1,soegepypsbLdeEApFmtxFakudOQmZaeeriZwVvmgcTKtRXJXULtlIjnnQgQFPoGaOFbFhAfdNOOGGcHmwiwgiJYRhpVRNTTvKBuadBdhZGcbjzGBWfPATYCWasPHSeexnjXtapftmeGZMVoRZgvBMM,2015-04-17 02:53:13
fb3ead13-908d-4003-9d0f-464fcf8b4acf,o@uwaterloo.ca,1,PePorCJRQFPYKyqBduqNCJmjNTLKvmFfAFCqRKiFFlHQVQflizJjWQoqtHLTHCccBccaRVlMWujdioYMSLoUpHbyiThJGoySnDIEWmpjXAVHWHTdQHgufkHoxRDlyhxzGdzPIDwxvGnNNpiyBBMuuQ,1974-01-21 12:18:38
318e5911-a4e0-4100-bca2-9ee9b66c4672,z@uwaterloo.ca,4,sqKRROpHGesrsezxVrQLBYKulIPIGsgvvPPGqbrkgaCjitWDXqMqgqeShZNbtQLfJZyewrYbNOljIUGyHoBgOsoTdopYpkFHvQiiSeyQhAWyLcmcVJopUqQGCAyaCfGFSOcTCNySKXcyrTbhOTRtJo,2063-04-20 11:49:24
afc8fe6d-bcc5-4776-ae2d-f91865fe6cae,rWthDml@uwaterloo.ca,3,yWhGgSVEWUCSyqPdwkFtmbYkpluZuOsHCmlLfJfLUgVXGsxsZqtaEpbkPHzNSMYGnEZKZXCtWmnONJvNBqEgIJeCrYHaTnUcIMXvmmwuomRAacnZtXSbSAbZLrnbLgjaOLWPqbviCsVTnPioBhjvvI,2068-01-15 00:50:05
093af2b6-e00a-4bb9-861d-b6b3d3238369,F@uwaterloo.ca,0,UdrawiUUAhOrlvfPGkAJqYCesscUviEjvdROvcKJFvsiQwxmQwjOoaHYEIBNMxjeQCnCYyhoeyUHPALSwAuRGUTQMVNWnKWeTKUUNFCvEaqYURnyXKFHBBggTsERBEBRolFDYGEOJUrxzWLuqZArPz,1994-01-11 05:38:07
9f627030-f09f-4be2-a6ba-452a64b90bed,nmYcT@uwaterloo.ca,3,tFNzDYhscKcLwWDPFEIArcpipgImBReEtDfzJbaAWyMCYuVbmZOvFxjBFnJEaLkIyWczyFlsREIeoStkvWEtpgbhGmtcpPlUPbaaCwsUqWreRfRdsKUSuOfAvONMxnRCwpncuQwohtwwgNXJXAeont,1997-04-20 05:10:09
44cede93-1671-43b8-8873-6d04d9e541f9,COaUP@uwaterloo.ca,3,ehbGucsjhJdsnoJbxoMVqKkMIbDmMSYxozzmBbqJevdehwxYHZBsNxOxyQvhkUKwWmldgvrAJvKSPogxgfceZaYhMBPPCYCYeKPlXzLOAtwYDTFiKnBBQCIfxSMUSoKchUOZQGTrKCrdqKRavmcrdQ,2059-03-09 06:33:55
45c8cdfa-9003-4a26-8b55-ec0f50cfa0cd,ZMWwOzywzjT@uwaterloo.ca,4,BATkGwFdhpLplzAZdLktckrDVhrzihYWNgltiQfuDiYwZqXzppUcZtTJtdLWYWWYPnIWWUoLSznRjcrnJcraTiBBGpxIFUpuTKQEmiqYcsNuhrshDuwINbnZCeXlStnaaSeNuSyzGRHLUvFIBHppLx,2016-07-21 17:22:27
d51db498-577b-426d-832f-ffb9fa3ba6cb,wbSmiumgifG@uwaterloo.ca,1,KmvCsdjwKYYsMaCrmLroeDbQDJWOzRzQkRVzPVHwADERSpFqidUmzEUbCBkVxSNkUEFRbgYUsyKJTzEncYTQgEVCkbSImEtubjoLIfededrlJJaWYytIiIRLpiXjNuxpEPlRtexHhxJXlJHrATeyqY,2014-07-26 17:18:10
64ee3db7-80a9-43f7-a332-bdf5b479e786,lnCguzMAq@uwaterloo.ca,1,tKMOoNzFlnzotcXzBZpWoQoIdvkJXiossqBVGyniooWNfjCdJwjEMcAnyOuVCESDnZpqkDYHnrpCiSjMPSaGFmNXLkkGZAupCtoLbgmuTLWEpnnyrGkjuzOhdncnIvbAnLCGINGkwKtqgKXVaXvifi,2035-10-03 00:00:46
ffb32206-c267-4d4a-a9d1-bbd44cac4ede,m@uwaterloo.ca,1,aIWSsdGYPBhkUJJKOZLUyfDNVzmipTxLuZxkNIffkuZHKGAMRbdJNfsypMVOmdrywAPkKFqhmhZNZQiWByvUPzSGTZgQhTFtRAjFiMQKWrsDPqMlUuCMlMkXnLwzGoQkSKQCXHASmKGnCkzsNiyaFP,2051-03-21 21:47:15
ff1ea141-a92b-4188-a867-ff740d455852,fGDjQFAoYIM@uwaterloo.ca,2,hrmUcCtWnFqdHolYisZqWMblrAatBRyJTbrxZHMWpRrroNAicJDKDgjyUzOpXuKsnUSFpCkSizHhxipbyujiZskGyVKiLaQSivLKhabJXENXLjeOiUkZMIXgGOHGEtGzmdYHPySDzMlojkTdgeZTie,2065-01-30 21:43:05
ac20d9d2-6b54-4c01-b84b-7d4858fbb215,zieXJSaVa@uwaterloo.ca,1,aCHzVkZZyiqOJzdFmWGwbnvRYCwdAPuEeechClUIDBCEcBYSAoBbkzExvULjVOparBbbubIvLxiAIzkpPEvwuNizEfNEEkynRniGAfohKotnlXjogdlJQeaURetFfytBDeYwWriUligWLxBGhwxHsI,2042-09-27 17:58:05
69789130-263c-45a6-995d-d5e50dd57eac,i@uwaterloo.ca,2,QZaHgUilmTZlnqzdaNwSgFOMPWptGGtERHnFYfWBSdWbSosHbvamJZLnKrYgnBUCHlOPalYipGXgoEZgkzoyLGPkwExKmGMAFFhyUnQzNpUElOhpDXskXYihawdFeqcIKvZPcjBxSRFkXElkEMhtJw,1983-05-19 06:20:15
ed7a6231-1d92-4e85-babc-047b6bf0dcc4,zieXJSaVa@uwaterloo.ca,5,NEeODNNBZvZikJROTTRdPLgduUtgULBzbhkoBjeJdJVCNVAAsyqKiejHwHIHyxRNzvKEyDHQLapSSWFYBTnWDDAjIXxCPqqWRHAyzhytACZfbUtqCyXBaeNwsRHXTdJAfYDcqiPSGHRCpeoMtwjUDK,2029-06-05 17:38:39
b446f05d-9c82-405b-822d-2334ef20f51b,hQRQSdRvavoP@uwaterloo.ca,5,wLydIrzpznNLZnMVhBEbVItfmYUezqQwSkPHWoMoRlNdXeKafXRGkFbXrjFMGtKJjckkHFSRGwuoqOdnDnkSisKumulnUsoCLBvFzthonpFmvRQzhaaZxoiNUraHzpSHvjvLmZSUJfQahOrsXtrVlO,2035-02-28 04:29:59
5cf5c043-4c66-4eda-a144-0e1eb43f9fc6,N@uwaterloo.ca,3,yINvDfpRdFXsgtzxfAdudzcUtlOUZIOfQbdehuwcHTergLNYSeUReWnrNJRbACnyzNiFtVeYxglTRjTOPcERuTEhykGtInyvGcxROsScdWiPpLjSDETYcpWoxCNYXFDueXXhBdoTmvakcxbCYLmwuc,2029-01-19 02:48:18
56ec224d-dc8a-4bfd-8c34-1d817ac1a789,UAqusRyeHjY@uwaterloo.ca,4,rOIvGmsVrgDUEoBxSZNHeyDYhlKaokeYqvnCzEPnfNSFdOwuGxkfSXLwZPfYfPLFvnghaqQJwtmQQkiyTxNJEOYfxnGiKtQjBjxfmpMgxjSLWkvLMYaGRkvyLewjxOMVOiHsuchHczqaBsxPouujyf,2012-08-26 19:06:54
7dac1f5b-24ba-4877-bcd1-1863747451ca,ZMWwOzywzjT@uwaterloo.ca,4,vjUxUZuuKkHbIBDxFTnXnXyNuxNFieiQlsGtjrefequGkkolklnbIBvWSOFbDNZwftSaxddiAgbsrIzjTpRmcCjuFzdSnUkPZqMyoutQgHuyUtSGEXrXgebgOrbTQWZHINppCuvAnzLTVhKFKcgZQY,2051-10-30 13:49:26
235cd8c7-08b7-479c-bb33-83d72a5e3726,MUuS@uwaterloo.ca,2,pRKOCFSEMoOLCFXgVGDLzzpgWnishzwMuJXgEiDWNVFlWIldzfdLrMZcjvFUJSRmpUAJaZaJzrowcAKshBfizvzVrMBXHEJfwNGfKnywoSWzOVPbGQcExLKslBxPUrpUymzznPAaPLrgwZSnZJmAKA,2007-04-20 12:13:40
3226d10d-2602-44e9-b793-f9639e35d853,N@uwaterloo.ca,3,eXvpUvwCyrxGBpZyyoOyhsykbFYnpMxFzWxVOytbBHLBtNesPHzAfelFSCQMmDaIQAfaWFrpWTBEXjaarcEnnhqQsHfCYagHzYnhdfOoPKhUUBuijcEXIJfdXhYqoQaOzzTndQpNKYShVvjbfivpYD,2067-04-02 13:28:18
008b996f-2986-46f5-b23b-84b45272f949,hQRQSdRvavoP@uwaterloo.ca,0,PBxnTOBZyjoJEksIaoucQrPGdrxHqgjAkLChqgthGCyxfYfoDaNmYqueLfraWlxFWUpoHeRKJEGXXlkHoKZVEJiBrndYqVITpTmpJWnewnvZiWzVWPnupupnWqJsNIqGkCZKAaYVmRbJxrTSKpNIpT,2064-01-18 23:05:17
2ed48094-6c57-4ce0-ae53-762b66093bb0,i@uwaterloo.ca,5,AuwbQbBZpVbvSMFxRKtnNUtLjAKZSKVFaXmCliNrStyYuPezESgWToxMxHVFvfkXyNbUlouiXMhmMQUClrkAvfLRBNhmMScQjQlFkWtuCGgoYYYwnsWyrNoYIPATbkyhoWyIkYNUfPkFbCHLIHNdSl,2071-01-11 22:39:25
8b76a89c-0bb7-4afc-a8eb-aa811f272bde,z@uwaterloo.ca,1,UJLLStImsAiHxWTtoCIyZoePePlcQMHNqQwrJhgoOgianQjgFmwsrSCGPiuzddsHASVWRKSafRPezZsGoYwkkZKfhSWVtIrspmAFveqtQWwgcYhJRildaWhTuFZkKOIshmRxXYudvyuOtoeJVnMdeE,2013-01-13 21:31:33
414eece7-230c-451a-bbb8-9e17888d9268,UYtmL@uwaterloo.ca,1,FxpXGRCofjzNsUOMmSTclOFTZRWriZKtXEkWczYpauuxBdmfiqwBMNOowUaiOTbalnWOkmDgzLDlUzaBKYEJFLPApPaZsqksIDcbbstFMqVxgfaDDdbSWSIyHUWdCYHPQzVZJzjqSvUrzdmTxIsbzm,1974-11-30 15:39:17
35dcfcec-f426-4f0a-951b-105820d5f012,UAqusRyeHjY@uwaterloo.ca,1,biHCnElqbEMwwynMJBMxCQsuPwXsXmFWxKwjlZlXMsKGUXmFfZMMUyptxhrRNtJHghinYHOmVCdexXJWQMKStXeHYAfwErpptvxuJAmatRbqvrFjtvoBVUNDxJgQHvEMdOukIwOIBODYZtFpIQTNHk,1998-08-22 22:16:02
a2d1b16c-e4c5-4f03-b3fb-13c2baa911fb,nmYcT@uwaterloo.ca,1,VrBMxYpfZoXjaMopgLWOLKXsnixeULJmfKhmIwOBLVVigRfenLNeEXhpUQDBdatBukaSUPLtylUZtfSXaukGKONDAgXoeKNGAkySjSNQkJRddILVmaoPADqtKgdBWFbGPNMFXQSgJMIgisaqtmxXSG,1998-09-01 07:50:46
655682f5-0c2f-43aa-8b09-6bc38442c776,DoNFDJj@uwaterloo.ca,3,XbbhpDOTpFVdbUBOnzBMwxuaCoRcLyayDQMGZTjULPBJfoBAERdxLPsOBukthybvUBDveVJvRSeOoPJsilDQNPWyXCCYbyQgTDovdaUrxiOuLDcbFUEqRllqXEdeTekiRhCimmGXlCWAgSsAczwCqV,1979-07-22 15:41:31
58b6e776-4f7e-47d7-af7c-209a844f8ed9,VPC@uwaterloo.ca,0,nYrVlIOGKEVnDOPvUnjOldQQrqOvmaQkqwVZCSSArIESvbAcfEgQctKieVUUiYlEScOQGcBYmMfsQOKGthrdigoWyJFTjDvhYIVcoSKtoSobTKSOlxgMOCXgcBDdbtgFHdqciodxxbiIxPJzeNbAjT,2018-11-30 20:18:39
d020f172-53f2-4c69-a8dc-a9d855ee8797,rWthDml@uwaterloo.ca,0,oaqhLaqUDqruSfmmhjnONBiMJRLhTPmFWznJAxeXWbttjcChQMZZrkbMyusfGQHvSQDRbVMqKDxTlopEgyMmIOQyaiJVRCCDNSsYaqNVfPUNgKrSiZjwalGrUekDzyuPbuVYWJfRvOgQVAgKNVkHik,2030-03-07 21:36:48
306a150a-8733-4020-8655-4f2398ba7d0c,jcSqCAMCTqP@uwaterloo.ca,4,STQUdCCamowtBVFxzEQkFzFNugEOEgepYhFORoqcOvyDNixGvPObtnqFFmZXXlujseHyIqScgNwkDjedQKDQwkvtZDNKArFPyrXcIrqilDwOaQuswTtzbHDpCpnCLDBskQkksFzRQATDjhMjoXwcPc,2048-06-24 18:47:20
e7592581-6100-40ae-ba0a-31de733ecbe0,N@uwaterloo.ca,2,OJbnXLCLeYWrIHKvhkETmVGMPCWoTIUkGtxJvJktKAIcCVCrZNGRWsJxFBWlMqjVRTLEKziDkFWkbYXIrFPHPqdtSgzCEVJaoKEMkVfPfQfGoXnapcQZvriffdZslNDDrmjxINrBwByFaHUiNGqPhp,2012-12-10 15:59:02
2fb09ed6-56f1-48e0-96e0-b1d470a161f2,rWthDml@uwaterloo.ca,2,GFbTgYHHCsJeIsjXCJNepseyDYLolDpmpJnfIzXEAEemlebjuVbpxdgSYOoMLNCbJslyQtFDcBhchssVryXLaLdaRpLWtIarJIFOKFPuwprDCLJbhPzcFWoODUxMSzZFUwqyQkClWytGyWpORRLWMJ,2069-02-18 08:16:00
d2680928-d599-459e-a4d6-b3dba6fb5377,VPC@uwaterloo.ca,3,bOPfOTwLZMDVeHWqeXvXVkYOSZCKszRLUYqITNCbAqCHmfqhEJCgeWVRHBGUNujmcnSvYFqlpwxNUvvVZDPNSFsOvuQpMaeuGoPeOIJmWhmvnmCpMgVQkXkLfFpXqWgKuQBbVXDOXpOopwcPCfzWIC,2029-05-21 06:16:25
92681b43-5e8e-4fb3-863e-078075cfba88,nmYcT@uwaterloo.ca,1,ldnXOMpmRINwMjlsbqNbHqHTmnAnLHteKHqTHwrTnCVGsMDgbAzmlxKnRwLGZlIYnONtHtHThDRPomrBhpLTmEMyNNskUcFsueiYpySMftPHDOVhndAKmdRtlPqPWXtvqwGTxAxFfSMKqFBNRGPQCM,2030-04-25 09:16:35
564877d0-74d6-4961-8317-a4a8027ee421,TDS@uwaterloo.ca,2,KgIjXaeFWLZZVvGAwVvLCRsqsPsxTLuidpqEuOgenlLbhgQZeoJLxLTkxmNiDMnvLWPtHvYBaLyuCrOVANcxnnExjpdpIZfbLxyyOzxZSrhoGxrSOfPImLnTELaNPoLOIRoWpMSpBKVXTmkzxaGKJk,2015-12-21 20:44:34
bf5f6b7f-ec0d-49c3-b3a0-52274faf12b9,DoNFDJj@uwaterloo.ca,5,nqEGavJcjLCbtnbInJFoYDxXKyzdJvcTJnsYWhRdkuCJHKXEAAldJTlIZPlRBACGIMiqehZZucRsrRGjUslQzaGoDTpYMxEmWBnIhRRQwpNTaQFtpPCFDuqlDqmbXZvMyrZIEXTNMgNwotdRmshmxC,1986-09-11 21:09:56
6f3db43c-a3c7-4a27-b433-bab447e064b8,m@uwaterloo.ca,3,xvoFEPZwdGtGqWJiixSPmzojNTQTCmfXfjKpcCsMjNNTqTuLVczhdjrNQGAjpvmrWhkOuDfWpccJeWccSXmOzFLdVDhrPXRftnRagQZTHOZuEhcbSVFPrPsKlbTsfzrRrIGaIzLqfKJgymqImGFebi,2041-03-08 10:53:17
c0637fc9-d3f8-40fc-8bdb-6bc79663be9a,HjgF@uwaterloo.ca,4,NeGXuifrtvdxGvcRsBCBiGvfHfVVGcLmhBIFPyFHTiOavbWkENHJuBVthHRbOsyoIFOyQciTaVVvecRtjDZcMMZnRlcSSNVAEIoNPkZRAfBrVVUqXIymCoWqKMETxRpbmtCwXxHNFHGECAEWqeEJBU,2059-02-28 23:14:54
e95b53cc-b2c2-466b-a2b9-e3858d54d35d,UYtmL@uwaterloo.ca,2,UtukvJxzROgRwYXUyWNFaaHAaPWnVFtSLnnpgTtfOCbzHgzIFfiwMCcORnuNhMSrCHLerQElIuULYxMhLxJiLqdtJEpAwkZfgprLuhZcDWQQzplduUAYVgyRuAnsqJnDiqdMqkeeizanuGjmoNcdso,1985-01-30 17:44:46
9da365d5-fc05-4860-b49f-d4a1dfdbe0c5,yTFsFRqAs@uwaterloo.ca,4,cVJxpFZznYAquEtaKfqRIJyKvPnXhJTjpEFTMUIohTWVBfbqmQgHuDvlbxUEuDLOmQhFGJZwpvTQcXNFmsZwaOsvYyPZzpUyGybyAbqRLNiGjsUfLDFnDQLWErsQrkNoydeqGepkzfatMKoYqWCJjc,1994-06-21 04:43:37
28531508-850f-4a69-a31c-6300f64c9b37,ZMWwOzywzjT@uwaterloo.ca,4,ixVXPVehBAwiBMKMUpTeBJxKEeRykZYoHxlYedObmdwYSqtdSAyQMaKcMILHhKatPOciFoZpZoQAOaMHoIybvwtSNmOayuatXXEkNFTYtikKnbzWqrkpqfgIsPxsFMWWTDNbWdLSzmOWAAaOGkrDDr,2015-01-26 01:40:12
b28afd10-2344-43f4-bd5e-861dd509c4c3,fivQbW@uwaterloo.ca,2,MmzsHrIrTUuHbjTlnYMadictRcXAKuerwOImWtALhXoguZZengVutWfyjlWdDHBzUYQJUoYEutNtPLcNUJpMFUlNpGhyenUnWTdohhwweDSlwqsHcGirxTEfFJvSvBRvODIEewkVKIJPOjlOAuCBNb,1992-03-10 19:45:52
eca053e8-a430-4669-8f63-1759c9e06b96,hk@uwaterloo.ca,0,FYDUcHDxUWToyNKAFRZBtesLFLWtKejdBcbxvrmCzMdXVhTpdTLqYZBCPGtIRKRpWGqVHMbrWanKezKDZQjrMNGiAxOZfIfgyDJqeumGBMtDGQGfcyFgGmvBlzAjeVRAzGYufenGzEzZUdrpmRNdLg,1999-06-07 09:44:18
5d89a483-707b-4315-84d8-eaf909cc1f67,DHMpGQjHz@uwaterloo.ca,2,rXGVaKhokrJePRlIbFtlMPdDDhPNpKNjUdVNSNeqPgJIAgXonlcDuStqiFpHkNQInjRpzKpVzFqyXkWShrIrfbHXwvBOoteyemOLrnyhrKqHyACvkhRbNaVwEKFRNZhJzdHlTMSclqdVECQXhAxlgg,2068-05-04 22:56:16
37c569c0-65f0-4a7f-82ba-a24a56e89e0e,JnKQrTYmeTJn@uwaterloo.ca,1,taARNpRZUeDHDIgBBfZGjQAPMhoQaJJWuoRFnBdzEDckbyOlmpQvVyqSFrEhmzWPlrMQTwhYmxmGOtLkXrXLfsDKiDBuuGkCdcaPhmyYNDfuWuNGHGlPTIwFUXYLTxGAViqJOadleELEdICMcqkRiL,2072-01-06 05:02:50
4c85e60c-5da5-4f8e-aa6c-4cd28882859b,zKqycpSgv@uwaterloo.ca,4,jQXVkfzPBaFwXOyNQeKeamWbdlwyYeIuzhbcggAGQTyActkIHicOqWWTKHALiYlgBpMZptIUOWlFOOZBfXNitGQHJXngwCaBKoSnXkhQZhLVZGpJKVcMoHKjPQFpsojKriDjSwvoMLFqhMXIOPvRuR,2019-01-27 07:51:01
6f159d8f-ce94-4cb9-82ea-0dccb8b189d1,fivQbW@uwaterloo.ca,1,DDBJHHVfIlsszYUYSNTDTHVdeGVgRAxPocwuNurZlGASWXcMkPGWvCrgRKOEZBMYeVCHlpQjgbRNNWJbRHCkWxjXDXJHZjZEtxUNogfwuBpbGkQGiNUuXPzeDgfZEFppEvacckbNnPqsZABZFiTYSK,1998-04-18 17:27:35
aefaccec-74d1-4074-b288-ddbd0fe49a73,wbSmiumgifG@uwaterloo.ca,4,pVQkUFExAhAtTpDPpgPSXoHEzJdYVKKpgoBfjubnFedgishbtQtkDtIRQPeTBVslBzsHHeNbILOCjmOhEwjQnCnYCldnloVTENJlxOEmhQMSpIFtnAexeWMrrrMEITeqzCjDqdzjIfGWbyzJrlLdRL,2005-04-27 11:01:00
02e58253-272b-49e2-98fb-0ed4e817a606,VPC@uwaterloo.ca,2,LcPrQPYeSxwSrFFDKDYwvrYhyIwtCGiEvpxyxdxvxINaoetIZUOwWgGkbVNBKnQPNGIssbTACTRlqPdDxHDEmBHtwBoEqaLFdrtIZslNmaWRKtIwVLQnZEZktNHewoYvomYQuSeiHioUPmEXUqyWDV,1999-07-31 18:01:03
9a5c085b-743b-4102-88e4-85f5235e6ca0,DoNFDJj@uwaterloo.ca,0,isrBmMnirJyFfMDJzOGtluNpgrGDOjerYoARRlbxIrybbseIowZATpLRTrSvUAccbjjwPGxvYwDRTfiwDRQVsyxdhvQnvhwkwAswlnBEdFBMRFmqzKMyddAQJjhDKjKjPxGLwxmOjxmmIhpJYAgNmW,1976-05-20 18:19:50
ff1ea141-a92b-4188-a867-ff740d455852,fGDjQFAoYIM@uwaterloo.ca,0,MgAhTQgFbtzFMPzxcmdozInstRrssoJAZOyWpLAHNlieFPjSyXawgNTtEDFXejMAHfHcOZNZaZlkYobBMERaCPcWKQFTQiDwKtijsxUWDxcULPoBtAEaLEuRbXPfTiEtgqXEgRoocJAHPehSRGnVxC,2066-11-14 06:31:11
3f9c5d17-901a-4c2e-95f0-e13b7b5de72e,zKqycpSgv@uwaterloo.ca,1,kgkiCPjGlsEOdOtYSLAUTXUlvtqTQLVsQXVHEjqzPOvOZXsAPmbHJclfNlHSjFUhoXfQAiAiHbFNNvIeKszIEsUeODDiNjaQnbANBFmRhpWXGtCumgElOrqYYdrkCjGGymxEhoxbhtJHHlgZfeIRRJ,2027-12-22 16:15:42
1973b08d-4619-4aea-a95a-a9b0873246c4,F@uwaterloo.ca,3,WTafqOUkePNNjhybWJCjlgyAVVMbOIGxhVwDUzaWHNPvaiDILMIaLFAzYfwYWplGVdXmUNakkrwoeqlGVCrLrdrsgZNvDzzwYAyVCOYfAYHxUcHGYcYSRfKuPSVgpgXHqVSqQwCzrJdWbaLaDhePey,2032-02-28 08:27:03
a266248c-5179-42d2-b79f-b1b82dda9046,HjgF@uwaterloo.ca,0,rDpSyNDonoloPdZVwBDrccTsVJHltqhmhhYXTYYBmMPFywFnXPCEtRHmUEVNmLILfFyxfuLAkbHmSeYqTQieLnTNvgndfbpmvVtcjlrYgpVDyuorubtxmJuupuFaCBZKsvJFXoOlohlwhOGSMgaArk,2036-05-08 01:07:45
1ad1b0a8-089c-428d-a2e2-091e38d1d652,FBXXtHVD@uwaterloo.ca,0,hmyJBoWHTooGdGKsIFxQBnqpiAXTizSMrSNjwoEuBmLPbrTcFFVGgoUwLheMglYkkyHkHhqVPJSiPLZtnadDFwkKaMWDOJZpaTzHPCDsMMlJhWDLrelBoucPoARruifaonVOjPmadJrvUYqfLXFIaz,2067-06-26 22:21:54
85c9992d-e3fd-4760-b6e1-2533c4bbe913,F@uwaterloo.ca,4,nyMirXiJWfZzrFBFDIrrSgUXVdAkhkxGGhekqxgUYzpshTOhjGbBglAvQWCQXCMyoPgqESGvGMcUWwglrKXWMnvCSXaDYOMQtbgjCelCOqkliOnxDlyPszJilZpJPsLfcGOKtOfVFxErnqBFFDwkNR,2072-03-05 21:43:58
28531508-850f-4a69-a31c-6300f64c9b37,ZMWwOzywzjT@uwaterloo.ca,4,yCFiNTPYrFgBjjbTEKZpijMSpMyFlozsJxJDzSdnLmrkfsBljsWEMNdIfoKcfSyUdrTeFuYyazTSInvypFrclkGCRhfcBVykuzCzQNQGvpXaxYWTRpudYpXYpqwfSglFiUPNPrRRitXAaSNllZAWAF,2012-09-23 09:18:39
acee3c71-d7cd-4c1a-b9b7-e4449610e4f2,yTFsFRqAs@uwaterloo.ca,3,BnRoXCFDVfFomumNqOcfcHHMoBXVaYegGMdNMrXPUEDLBZIVvElrGqXzejSXifnQDAywwRkQKLuKvlucpcdwZRsaFYjzWZtGTkyxIfpnlLARlLVoFCHKXGEpEQbTcmPjQPDLVMtiByHajtTsVHfIqb,1992-06-27 23:07:17
f0b48c83-938a-468a-a8fd-344e2961c165,zKqycpSgv@uwaterloo.ca,0,xbrPLhqSrLbBQgxWrjvNsrEMoBjqodbiBOuFGoAraXxUFMQtAqqgLFTNqZNjMfyGslZamtCvFbOHcHqmaZSAUMplcgGQkROWDPJnQpaSyvXffNXQZPAkkIrAJJpMXuYzdGPwXzjNsqyjOgQMbHvGmD,1997-05-07 00:41:50
fb850e27-292d-4937-b0a7-86ef80a4b526,DoNFDJj@uwaterloo.ca,1,mBvdWkrInloIwZTZRgYSpdjoGxGGaTmHRHnmHjeQFVxNndrcflSDKNafdoLVyXvFHQtYqGFnDQDPuNRosJKfZJLvaDzxyZUpKuVuooGrmliYkldWFWlAwJBqVipSGpmamSqaosJbdsCVYyBYADGFBj,2061-04-29 00:54:35
2905d498-a584-47f7-9a67-67602924af61,DxXARcsngw@uwaterloo.ca,5,fcpEzSruQnFZjAYVeuFvMdCKAMOmlQIAESluyaaUCdoMKGIjuGVSIksxLwYlSbpVDOlaWKTwfpNRmGouhSJPavJmOEqosBbmAZxVghPnLXByyzpXwrjihjHrLIjrVWrLKxZWzMDfLlMmRIOPvPTkMZ,2013-12-05 07:33:59
239cacfa-7e0a-4acf-baff-2240809ea668,i@uwaterloo.ca,0,OvvMZSpmzdNdkRqHdLdYoQWwXBXyuPgEOeGWexJxceuOVcbfZlJYoGIbHWqvmuobnQgNRiubrKUGCdpPyqMnKvqDmNgbQhpYKLDVjlBFxbcXtbaSjCMCtMfRKIqEekVTXCjJpEznTARjhNoacsceLB,2021-03-17 11:15:37
ab478c72-60f0-4e69-a7ac-315094fbacb1,BPtgAkdrH@uwaterloo.ca,1,lVEZQuXCmkdqCXXpgzrZIANeEkcTdfJVGAAbqkBWdQDrpwdKIuJYdzIBTJqDSSiBjnWHFTfQhLIdDtNezSlyhaFvNLKcGEOaGwvbrtvyHHKjsjaAxBXzdQDHOHFiTvdKWUbVBHQtNjgWtnnEUUTZws,2053-07-30 06:26:22
48283af7-c703-469b-8813-918e08a9bdfa,GFlWfcinQKO@uwaterloo.ca,2,fmAoByQAqveugnSbWtcgPhDbBXLRjYUCCmTAJyvgSLuhUleqraLxBUAbNgphcKmXOGJvRtDGADrESMDcgraZbzLQRJQnLryHIGHIAPjLajjKzFLraVIwbxDWEnEmOTexAklrZgCHQZXgpZfMzerzOU,1987-10-20 02:12:49
9c871c12-3e70-4ab1-950c-81d87abcbd28,VPC@uwaterloo.ca,4,QPjiBlBHzyJlTfiHxWplaqABnTBGjFkiGtgVyjGMSHgnbvCjgMixYdtezVUnaYhbxaHwRntYXDalmnUNkntnzyhORtKCGfnKSnHYmEdtRHSHedPIEgEIfkMPDubkadCLMYUwUbAjbZGfZotxucszMo,1980-03-31 03:14:36
67aa4a8a-4c4d-464d-a608-d847bdccc2b5,DxXARcsngw@uwaterloo.ca,2,RxrskdxHRnheqPYqCiGIooSEicgvFVsEyxgpmNWGdzJbdQtdiWeDzEkFCHeXBoltKOsFIifxXMtvZogurPnfflheoaDDgfARocGFtLzysNdJglsTKGVoyAwAJMDCNIeQCGNYwFJICAufDdoYKfXqFA,1991-02-22 02:53:24
0f95f00c-d3ba-4ab0-8f3e-205b4b7d409f,jcSqCAMCTqP@uwaterloo.ca,3,gWPdTSbcvkKhcQrRVSbYfTwVhuziNRxPYClwCLedaDYNFuziqlzYqzZcycWxDdkEyQIzwQoXMafNBWtpGvlyWHqguRLcZrvRjzsgkBeUcjMlQSQUENAMGqsKfwDUxuLIPLXwAZDPrwiaRLeGdQTHnw,2037-10-11 06:05:15
b1524578-9430-4d88-af6f-9ee4b43a7f21,GYJW@uwaterloo.ca,0,JPRJjQgzmrENnLogFTzjkDacUuDvLrGAzdMpkcglBWZEuscsacUmCOsdzkoKaZUYZqvUumperftmFnrtqunUQBjwVGxMbjPGYcsqpCnuqywJqzkNsRutkzxtEONeASDozrAgqTGJckEcqOZijwyLWJ,2012-04-14 22:56:56
1d24cecf-ae18-41f0-86ca-334dd0ecb4ab,DoNFDJj@uwaterloo.ca,4,sehXsVRuDffESdEXpVrgsTtQZbumykyXUuMCtUubbMiJaxxBxEBdyMdhFXBIDHJFkcaXsmBMltaWLkhxQCcuSfHoKxwfmWRMpIypxEhtmNmACgmhHmKrjSqfNNixPAcIWsIjlGwtcZefCavEREyhrD,2011-03-19 15:20:20
51fa5edf-6158-4e2c-8d4d-301e24ad24c3,rWthDml@uwaterloo.ca,2,mNjzSiCcjozyFHdEojykMreBbEkfpTsWZjRIBeObUfwAnnbGTevCcGxGIBZKsJYfZLcTWeGpkpeLLWhIPnbMKUhbxhnSiixVedqWwJeiRTgwzDURScfziDdUIbnBsCNYAaxuZogkOSOSVoevDroEyr,2069-07-24 13:01:48
b67c8676-7c82-4a99-8920-9764ad44904a,N@uwaterloo.ca,5,UUlpqozCmgYUjPPlHVyFqtWtwODwUSyUwnVrfQdtxRcnRMSjSnqRSKSzcIUOlrrQHWsfDpcTbQDzIeurymSnkzHXYZcwvRKXjuexFRimqroTCvXkjSrcuraIvtDERCjTyMrFjiaRnkRDhWyuGkEMJa,2064-09-17 23:10:32
11a58c2d-8a0a-4073-b318-4160027dd28a,rwfcj@uwaterloo.ca,2,QZZvjZoBmawLmNFumdZmctxJbJZiSbAFtFnIlEOAodCHBqRdoeBfJnOKqzPtZNjaKBINPMevGdEitTVKnZiqonvvpiDixWospXirtcSxSUpoQNXasTvFlbjGuMbDbQuZywLwqwaCbHfkVdFNUetGWR,2032-05-15 17:26:40
a4771e05-f750-43e3-93db-29bf00fe79b7,lnCguzMAq@uwaterloo.ca,1,ENrNZPSObGcKjflTjqYEeOkPMcCIDYoCBjtHGkOToIiRMHrhBxaMthhdawVWLcQgvNgyHotlwGQMHRNQbyFvqGEVAqyFqnGxhRzVWCuzCrTxCStHvRRRqZeWuRvcjduGzMUXAgvvMcpsaspsgvlzIJ,2007-07-09 09:26:30
ffd798f0-e6d5-40b1-b6a7-b90deaae05dd,zKqycpSgv@uwaterloo.ca,3,bMJyBjhMlqYhQzTUEiDngupVpeRaNpMiylkntBdtCqRKqxjpDLQnhUEgcplpTQrbcKZDCXmfQuDULCzKgxWcVdnAxZPCFqbhmCwQEvivfvojRgXWXFJihVKXEGzqIKLhAltLdzEeptXiSZIXbJZPuk,1982-03-09 20:00:16
268dc045-2e2e-49e9-9e5d-7926d7c5dda8,UAqusRyeHjY@uwaterloo.ca,3,OWmGNxnRFMzoLrVjNkhDcYHaVaelHnDmKSGgLYxdbLptjlBmtvhSrWwDHUGWlgacurTBYFmurBUNlOXguAMbPsUdeGlZZYXaubCrPKaHQrbUfacRDFwSkRozutGvgkwWOyEEMpbYpUgMfXtkMYkWyt,2025-06-14 02:04:09
d14aa4d0-7479-42fb-9988-d4577f6a862d,nmYcT@uwaterloo.ca,4,RoFVILgxJyFbXtbhUJnsvdQAdzhXWRVKZGKHGLItjvEICBabzYDjHlJUSuzcdMBeJoyYelgiasqHOsTXTDJyueZOAhrlpBJRHpytDuOOkHgtsjZGvysKOdobTnzXulFNWvKYLVeXiSKIdDSvKjcMZf,1984-02-05 23:04:11
08e49777-7664-4b72-ba45-5503897a3964,hk@uwaterloo.ca,0,HjBKUNRgfBGgOXoAgpZUgJYvLDKzJlvYMWxDdVkRHQwtveNZkILbUKUjGuZNNvToQODzYcKqsGnzPnCCluxOOnpwsjabEsqqFunhqtADTtjNRADjFfPfaetwYFWvCEFZEwFLQgBasbTJEWZkxXZuMq,1993-05-24 14:36:06
6e513326-258f-4918-a304-1378b411e2ba,GYJW@uwaterloo.ca,3,UBhhYumAvZFRSSMRdLayqabNhZWDOHwAAbLfXPTQbHEcPNYRbeKfpjGJsEjSnOvOluUwrOPWCFyDkMPTAZFtuWIUyjyfVktEKyLdNqDskpiMZIficKdztfosFHZPvzOgMzDLrTqcMGSzPXrRrgXFFN,2018-01-29 00:45:34
9fd3e538-464b-4226-b9b8-65bec1d98b53,i@uwaterloo.ca,5,ukIysIouplYQLgqrgyXNJyHUcPpyervErCsBhLhNVQoaIAKEJSpAPYNIPpDEimGNplGVCGROrbkyAWEcYfVZigwXiyJPmUOQLycXEjFaFJuoZjZwIMMwCNEcUEJhHyeQDZEeIbkkNAjFnohNPLJMTH,2062-01-06 19:05:32
240f9704-94e2-4752-90c1-81c618f6b48a,ZMWwOzywzjT@uwaterloo.ca,2,wVDOeGVazvcQxfnVxbRSSkNPofissCiAOKZJwyaqyvrzyqaWNwWwMPvToVFbcvIQizQlETJUtSQNVSpHCLQgSIAVpiiTHtmUpXhwSzMmlhiBwlshkxFRrDnYyJYvYwVsjQCPbcHYWAEYwOcMTMhddh,2059-07-28 17:32:41
9c20960b-8e8c-4a0d-b876-a73479d44498,GFlWfcinQKO@uwaterloo.ca,5,GuIBTwWHVdjJlifppOxJMQGmZkVAPqdZlOqpSWWoEmiXlpRjpRgJKxIevDftpwilSRxsKpwAVapmmTaJFsqrSmLoBwsKQYFWnKwUmiSdgOMuMaPufToBTAGLNgffQLkGOVzINQrqFJfTQjzuGVqubZ,2073-12-11 08:56:25
f0d1d14f-1c91-4927-b42d-39fbfbe65fa0,BPtgAkdrH@uwaterloo.ca,3,eZWtjmdXIpfDHcryuenBrkBgKhZUQFHqYOLPyczWZActnjPanMsgRzvdiLLQSPHtGxYTwlfMRWpDUbUZwupHZHZXEhTgbKXRnkzuHPbKXWQuINjVJtcMgZrUwiEjFepQfbjZUnFdOoNXoSrJHFvfzT,2053-06-02 19:34:04
4eb3a0bc-e96f-4280-9923-81a656156609,fGDjQFAoYIM@uwaterloo.ca,3,dQLPgLUWuaynhAtxsdeNhwLbCOQUcJsQKoVFolVgwCNGQYuytlkZHYuDMrUGgoCUVaktigmndKQOdfIfuLZxOnzJDCBwFszdjPdKKyTvnrqTuqUMBASrIrUHaQAnzXJHAECtkpZMSRonHGFHxXKaiC,1973-03-21 06:17:13
ed81d07a-22a0-44b8-ae8c-d4509d518fb9,MBW@uwaterloo.ca,4,bYtOAgiRHIbGwYwGlNiYeNvcuBNCorOihFIolypCNWVFERwWquUuSrHoKeDhTHqgwZhsCXsgsIGtEHktgcpsGZRzwxrwJEDkAYBVuMSZHAfSnZFWCrbqvblieAVAAYPioKhalrbFuaxYcIPtryuyqk,1988-08-07 02:56:13
8cdaec04-edbc-4d98-bdec-acc776e327b8,rWthDml@uwaterloo.ca,5,yDIxgWaZDlUzSXoXGovlDrieNjBpyWIZuqddbqBHnZnmOrzwuSkbwDEwgYHTWdWfRiNCLCwXKxInsuxrgZUSIImVQOTXVQfSVkwNkFAAoOnhlmZQuBQIUTQlfdYdtlpqPrPmXydKOtyMyXYeZCBbqr,2028-08-08 01:25:21
008b996f-2986-46f5-b23b-84b45272f949,hQRQSdRvavoP@uwaterloo.ca,5,SQmYqnOAthHOmWpJNnkgzojPnmqphgXDVNbCOZMqACizQZOTcqNeTLNKTHbhhukyDhnuuKhATAhSLrHmfRnxAGPuhaJLYEGBaWAufxqEgFzFHweLqDWMvxEkcPRiERDWoDZfaeJBdiJDBgwDzfyxCe,2028-11-26 09:39:59
d5fbd555-11e4-4b2b-8c80-cb4cb1b06218,nmYcT@uwaterloo.ca,2,YPdjZYKaYeKbvXpNrsVtCQNPyhKvvCypgNRrHviijlySUQZdUdcUxrCgCWiVeaywDaWBAgVxopDzOzMbtHqpyKmTyiLmfzNGFUkXTDkIdYdthuFYIjDRLJPeNvVzeSoVwpqdLfeoBFQYpyMlPqhslE,2060-10-18 02:31:51
ef668038-af0f-41a0-a268-c4e1f73c961a,BPtgAkdrH@uwaterloo.ca,2,hYHqWaSdwXmdvDWgyxmNtnDgyFxyNkLaFGveOZLlwcswZSVNjDEgSSnoHpgMobCbnjBEbuDLHfNvppDBTHOZVMcgMBlaPWAsxWLlOrhJyXAISHxJLgQlymSdxxpTrYbpdDmcxwNjFhXNjYTrgSFoPA,2038-11-12 20:20:05
4e2487cf-0b38-476a-be77-eae75fb7d95c,zKqycpSgv@uwaterloo.ca,0,zIzufdYcrgbvfAdBcwKnhEkJqAEWLcNtrUXfsjQmgGItxJnIXxVqTVceCVMfPYAVOnBpwRFTqdBENLIYGfTzvCAwyphfKZNCzTMEWRIwEdbQJqaMKDcTkbBfPUdxdyTkHIPdJhkjMyoiBaFtYakPiK,2045-10-07 02:22:14
936f5dbc-cabc-49ed-927b-f52e5fb55815,rWthDml@uwaterloo.ca,4,UjLfkGLDDLPwPxHEDelhWmdwMsRNBgvhqJQmpEJqSmkOBKNkuGoSnkoUpIAxzCjLjzEbgCSQhXPEOHlweNMrajvOLuijuOaeJyMxBxneumZFlNZAvhORMlCJGBuQySVYdBFyyLMbmzVFjtDBrdpqRO,2044-11-14 18:14:33
3226d10d-2602-44e9-b793-f9639e35d853,N@uwaterloo.ca,0,MldAMRBSmxgZBnXlWAaIFoJGxujkZWwhCBAVrABcNWKXUfuCuIqtqqmvcNMCpykvXmrYfkqoeYjPaRZDUkkTLHFyWmhxoaHurBTtrbGtOnIpcSrwgWxcUaVRxkcOhjbAmBmQDqOFlnAzqbngJwUuCn,2008-07-14 01:04:52
35af78b7-a981-4f1d-bc4c-1ae7f90c565f,hQRQSdRvavoP@uwaterloo.ca,3,WRLyUlnyDbvCBMLrppwusgKcJGvtlzsKHojnbmlZwALCTakxtWPcTYcMhGxiZeUTWsVZrbJiwbJvgQcTSPNFXdTwBxCyhbEdWjamhAGRhvrROWFflJmEJYbEZLoMRDJCUCNKKOpLRPluLqlWzBrMXY,2003-01-04 03:20:20
87c63111-1845-46d0-80b1-75dfa46c9a7a,fGDjQFAoYIM@uwaterloo.ca,2,aFovmBtdnyqSXYDpVJWRaRPhilrvDycAxUywEHuHLRllyACgUCMLPPKsnEhCAAwbqqJUDBIhNnKLtyvmOjCMBquCmooppbjahEhYkrhrwxXuIdsTWRjUEQTfGLGIhwdkDyGmDNsvDVLlLVkxxEfJEh,2020-08-19 05:30:17
e17a421a-34fb-4262-b8bb-06897c7a6243,DHMpGQjHz@uwaterloo.ca,0,JGHpGvzeiVhpxHypPcPcYdDTvLsYqZIeRxWQGYcfWYXvxzCXgrekXuuWivLKcTgRhIvsDbgrZcJpVpSkJCARFzimVAUTyIjuWeJExdlQqEgdhIqHMxvRqpgBsNgJrcaQXpUCLADREYscMOWApvqglX,2069-06-28 22:19:38
47488fd3-32df-4aca-b216-d2ed37bb547d,UAqusRyeHjY@uwaterloo.ca,3,qHfgmCyqYCXTKbzocfymYOkrOHLZorgdZPtXzHPkmbiqdymVjZlUBvuljQLvfUBYBLLozwDLXThLHfXIVkvljrHyAxqtOLTyDmoxHuNHFnsMJhSfqFCVkCtlAKotYkpHIFErdThQZfbzZvBFjtIbEu,1993-12-27 08:42:04
ef668038-af0f-41a0-a268-c4e1f73c961a,BPtgAkdrH@uwaterloo.ca,4,NiakmvluKzfxyzHGtEHlrSBtZQNYnqDLRtNrTBhODTwlcsQQpPkiISkruJMvifxofrpqZvKaHEvKIEIjgOnDNHJmDhXnVJvJCWrIYJZibyaxCOZuAwBytNUNydcKGMdoARbcUDpwJpynSBEAsvdrqM,1984-05-11 03:01:05
71b5024c-fd54-4639-bee3-72f2bf79fc9e,uhSYCSehABOy@uwaterloo.ca,4,dRVouqrkIGMPrEeoGgajnqnMkyOVuCyjcrhrdndjXPSaFCynZVqtPQFZpDVkQjqTxQZIjyZGIPjIkuDWLQjjpBWjedCmRtKvcIdbdzqJYIYKabnzPAfctkzmAffwUQWYmVsAUGCobkthFLYEQyXIWy,2046-08-11 07:25:22
bf37a00a-6db8-4db5-b32b-4ccec6fe6578,F@uwaterloo.ca,3,OyEWRsUBITLmSsSvIJuqmqMsLRhsHcEoGjYsPAqJKzcsrMZQmNwirINdGfSXkmUiizWBLQGumWkXHikdkeAxbdbWiVhPhdXGKVJnrlcmtzIQzjoHgHpWXpBWBEesXsrVirXDIuwMtVNDzrGbenTHOv,1971-10-19 18:21:37
5cfff5ac-ebfa-49e7-98bd-2a63f5a982af,MUuS@uwaterloo.ca,5,WlstZaessfhtfiXEQeRuMhHqEKYaxzBvKGcnjkuWmQzHwGvJrlxhDnRiBPlEXKHpnRFyQOUlVOWvuaxJZkehoUZpeZXVZTgiPopfrBUsKwckpXAdPFgaqshIYOvJgIWnTqkRAzXSgSopIcXCzzMIbx,2000-10-16 15:17:11
88e8cbcd-9cab-4034-8a28-2b2aeffc18fc,UAqusRyeHjY@uwaterloo.ca,0,WROhuypCKLTDzuOBwnLdefJQXVMBvPpnpiqdeVaBLtQKAFCEACZbiOXRLnoQWUoUWnlKWIEtWkoClibFqdQTEfaPkzEecXebrhxazvOVZDmCIgshrVoCisAGTUYNchhZWzypJvtWWPJsenlvXJeLsw,2030-05-24 21:13:18
00d86fe5-091d-4831-9f34-5f985ab55590,fivQbW@uwaterloo.ca,4,GbdcIPtGTyOQCDNeWYrcwgLcFBJfXVKrcbtAGPZStlVybBlobkiozMmqFBLhyOZQjJglCLBAuPUNChIsXgYUAWFkgszDFGuMBHrNRidvkXGBOUuuckQgtUBBiJExwEGnXaevGRALDOrwPxdiKwRJEG,1998-12-12 17:06:20
b6dbc27e-5fff-4999-a58e-922190cc458a,jcSqCAMCTqP@uwaterloo.ca,4,BfyfidEkwbGyZgMeuffSjwBdJgChGsVpkjpNtcmdRsEvSFxtDfxzUQrhWoVWTExznTBBTAtRuiaurHdZEsXMJhqKlMMNPZjKkjJIpgCyEvTnNdfgyTJkxSmldIWQkofvTntgMoUAGraQMFMxoptVfV,2013-09-26 17:16:38
c1a67afc-973d-4471-93e5-62add626ef5f,Vk@uwaterloo.ca,0,uZspLBkJKIHnloFdBmAnuMaZDOdZSfaNqTDBmMOOIKoXDSeXvcGfHtAcpbehTBleMhTiVyytsuBgDotFhodevQYfMMbcdLreQwkIZJnfQGsMIBvtSvdsMwSlgydJjwyEfBMOcZQwuZpQpcKfahWaiH,2026-05-29 04:17:11
8c6487c9-89a1-4918-b822-19667e5821c3,GFlWfcinQKO@uwaterloo.ca,0,ywbJfhdCZPZhywOYngJGjtbJYSRzqGvrTMSoWhuepNezAUYTbrgQoImWfOhJrDyDglghgEJiOOmQZIFyoRJtImyeajXsJTIFhEBMttsakujRUloECdXbStNMmsDcpwcPGTnCcoYtwtaWvVodVKdkfj,1985-06-09 10:34:00
b28afd10-2344-43f4-bd5e-861dd509c4c3,fivQbW@uwaterloo.ca,2,bXQpTdkLGEGXZjfXBQHytzqXtZBWtJBvhKssYrtCBwfKjXHaElkDTRAagwuWKxXgHaVLQnSMjmoXuKOjfqrJcaLplhCjBXWlTYIDdjlNtgEDzQBGxesdIOibKaWriBSgVHxIntaByRTGerIjCQEcvm,2027-02-15 17:31:00
676f9b4d-0d41-40b9-a083-30341c2ad428,UYtmL@uwaterloo.ca,1,PjaUWDCHRVqrpRVxgQcXRdeDlDPbFrDpOHIfAvcdLXJopmyAUStFLcJssUypvwqvhFAaOuKbBUmeUlQqvVCAFGRonbyQUYiWcoLDUFAnmnpNYCpqUijMHJfkdWzvLMYdfoXbhPqtKUsVPMXziYILsg,2017-09-22 08:25:46
30ab48da-d92f-4243-a1dc-ea794a4fc22c,DHMpGQjHz@uwaterloo.ca,4,ITzJTsFVdCkQGtNpDEEZqAmFcFjWLgKgSdwtbyAepwIQztFHpUbpUVkvkqYBbfzBjkIovEIqxKauLeKkUTXLDZrcVmBRWQFxuHFKtvGVnboLWyCCjClmEZEbjBKNWSrVKwxqidXScTbYEgjNDQwaEl,2004-07-19 15:31:40
268dc045-2e2e-49e9-9e5d-7926d7c5dda8,UAqusRyeHjY@uwaterloo.ca,0,iomVZgDDQkvifbpDAarkeeEJWvvOwgqXrqKVCyiUbqLXDixpwdnXTQGWJtLLyIEpSNwUWnDhXxvfScTHbdCgUqWunZaEZEoCThnHmfUoFnkEWGVhdhNbySDwISuNGyoRUgdgoKywKgeQRmosrSExOK,1998-11-21 04:20:13
3b0df6b7-2072-4af4-b1d6-5a0492356dbd,eXZyQVKsF@uwaterloo.ca,5,NJGiGJWCJUjyZeENlvfANFduxrpybvFIizlwbmMmzihtpZDILvlpbLBEtJNyzVJjxxZtZetaERBmeTpXJNdAORDRqpCdOgWGeuSiwbkTxcocWWOVtZvQTYXoKvtOdveMdBUZCpzwvoUihvQbWjhjDg,1994-09-24 04:55:06
ae12dddb-8c0b-4d09-9c79-2f355803c344,HjgF@uwaterloo.ca,5,UebyKQyqWiTxOnJmfxumbbRlrMFVEIHPGMBytSiSpaFqbiEiHZnGaaORFyiEBbODGAIKzbkAesFCrXzyAExbZecQRVWsvNUlSZcwAkjrcFmioftGDLspuATMUByzrnDcEEryJpHXllHrAsLUUbgeWY,2064-10-21 15:24:18
79300d41-f354-49a9-ab74-6fee9d6bcb86,nmYcT@uwaterloo.ca,3,wqxeVOLKYzxuRowDJTInmgKBiqOZfGnvlAjrNMYjqYKaoisHvjrKqysygGOFYHAvsCxXdvXHqgkSCCdlMWGFeUDsFTNHWFVFksZfGmcYbBsWzpdBTxblWutpnBgjqRnOAgtlNWTLNWceDaJCwfruYu,2036-01-22 00:51:44
2905d498-a584-47f7-9a67-67602924af61,DxXARcsngw@uwaterloo.ca,4,ldUXlLzfLPXfblQFsdBfPLPJHICOkJrkYNKXtUHrXigYBtNYAUvGcYzTFLIqjjonLOXCtHLNbjiBQBLPTBecfQNDnrvSMsdLOxwwZOPbIfMSFAwBtYTPmFUzVAtlYfoynRjRowLBzVwQqJKMSXbOvW,1976-02-04 11:03:15
418b6d84-dd51-4000-b6a6-df1a128b4f6e,OYFWxVM@uwaterloo.ca,0,SZuxyUqBbfrHLCpahFVvGtCQrQaYYfuOCGprlUToIVWBkLRfkHPYMIZjJapJkbprVtEdJLCOgVRNluAdAukGaSOODKMuYdVmoWETtHjQyQKYiurJdLRPowzNmHTziLpoNWisKmkgxTdXgNmfONJUEW,2014-02-10 09:43:06
970bbfac-6fba-42d6-ab5a-f85ccc5ecbe2,z@uwaterloo.ca,5,KZGuclJFskMfwFBmFvPyZePHFkFszRVAOqKjMoTzFOrPyAsFnEdpXfpaHgUGMXrOSacmdZVqYAhVHXdbiprxvdivhpylKkiZvBYjXrBJTHuhOmIxnZrmxlgQNdjTiiPygAQHqPttjRCcLcTDUBzMbN,2048-05-18 07:06:02
268dc045-2e2e-49e9-9e5d-7926d7c5dda8,UAqusRyeHjY@uwaterloo.ca,0,IBbwJVdqPwNHnqrVIDotLkXGuMUgrgQrAhwPMBSFkhfPLvnzeUsFYIiQXNeMbXdlvATaBOEJQqgVNCYiApaclqjYokrFWXMZvRlywJNgNpMqaGyoRusQOfjyClVHYrplllWPJvNQBdzuUeYILfGLkP,1974-11-24 21:22:20
418b6d84-dd51-4000-b6a6-df1a128b4f6e,OYFWxVM@uwaterloo.ca,2,VfZpMfEFIfUJGbNvNafOyfKHypvCcxXHFZFomAnPggUueKoUHZOPeDgDMvpMYrPmUzeCxMpKeEYyqwKkNpEBszziYHBxSIlAprHXyfOINzxPqMxECGqDxdZWvFYRDJutateXjNqYABOeiSqFxmPNAE,2056-11-17 22:50:19
71b5024c-fd54-4639-bee3-72f2bf79fc9e,uhSYCSehABOy@uwaterloo.ca,5,JSTIBhBknkOqWuyMYoMMsgSlSYlNRZOnbzLGTciEFWGBpXbRbaaZHWvZyCrHHvOxmdtAGSMcNPWydJzvFSXtvUdedepsDzndfIkxPCvWkHMJucobdQqleEZLjrRbGDwYlyfRymZcProPsQKzYDCTkr,2021-06-11 03:00:43
47df97e1-5847-4589-b226-12163eddcf0c,wbSmiumgifG@uwaterloo.ca,3,KALjcnIwAsOBmqCIyHZhuPCJSCYsCiIBNWVMfotiUbZifITinYzpQcotmRHVjeNQTDQcKBLFxNzDWffJTsJhgecICMttHYGSltSqXLmQOeLLrQFQglKlTLbUHvQwygfTtEjMZRSuuHzClQJWwooLNf,2013-02-04 12:56:13
1f11b9d1-331b-4b25-b372-145e677146ad,VPC@uwaterloo.ca,4,XbPbmTTPUTREufoWlettOuYaGJcCYoBThRCrQAISFRYdhdbvSyLmgDTUbJXHognZPNJjEewWBQVqBPZEkDuPGuSpxYjrwpXeNdZVdAecrbWthJynSZzPXhSAZdJHOZGDdTxJSAOBzrpHELXQIZJCby,2073-02-20 07:06:46
6703255d-7107-406e-ac68-25e7f3d54422,FBXXtHVD@uwaterloo.ca,1,OIYbjJZfyTzGANNsXVbZSqqvINbONOuVdnxDJWfjalkAcpIqUXynsGlMfLMpgMDvIpOHyMfUUUolqaPtqRDlsbUYjXgbBURUpXgAlRuzCszfNzvlCplNTGKiKzZtTsFiwFQUcXlvVaAOCHnATmXWKU,2068-06-18 15:27:19
7d9b9548-d130-47c7-9f22-d2575a9ba34e,DoNFDJj@uwaterloo.ca,4,FCYFnOelrtroKgiZgyApmHSTberZuxzHipLCVNTDdsDyeyiMYaSEpgetPvNqgUytDXdPDgWRFiDmLPyUWXUlGeqdzqZVpPypXTDUmwrGwJTOUlveMOXWOLtNIAjNHLwCMmaVfmmaTKnZjJdzYRHmMX,2026-01-04 02:31:58
bd228313-5a8d-4b9c-8920-6b6b47ba2ff3,GFlWfcinQKO@uwaterloo.ca,0,ekSsCMhSKwphlbXRwUnkMjhuHMgjGBHGzZjmzTqMUhPMSePKkbydgrpzoXTBNSTvfsTozsfJASKTSMILwDyYcRjwGgGKXgoDQqwixstwHCSBqPdzJvUAlLczGNqfYnlBzTfMBFyaatVdHWHKDgctLk,1991-06-16 10:13:03
c598ff76-4d5e-48bc-84f2-7cc112c4f20f,UYtmL@uwaterloo.ca,4,ZrsBtIbNwupynplFnizOEBjSbRJIrwDBnUhKfkNoRMUNYefnWMaAonmPoAblHkgRQerdpAUcHsOkQPoXDJvyIOqgfYQoGYzNJzuAOnIkKQVthqAILMQaIVINoWzQIOLsdWIIwuctFqbJxvFOdLlFRt,2072-11-01 15:21:34
fe134084-7491-44e8-aed8-08cf52d1b2db,HjgF@uwaterloo.ca,1,dJDmeHfYisoWodXEKkjnBEnCFXgGwDDzSxMfqSNVAVozhkWqklLRJpkuFUpWpEWnxDUebkKVOsQCJxwNdzbrJCMJIndNHcsGplBbevhhYdWJuJswKrriwQTktqQKvIQWEQvxbhHCzOfvHWWxisYgsq,2047-01-08 07:00:51
d020f172-53f2-4c69-a8dc-a9d855ee8797,rWthDml@uwaterloo.ca,0,hQSOgpSJdJKtQJXowaZGnkLeTcRgNfNnRGsnmBmDLgJrVJffUYtKmiiaslIZxpgyErpZeBuCiGMPkqOFacetxxUUdgoytDrwLauRuGOfDAgYPDqAZSpOaiFfoidrZjVHahEgSzyFQCEjfqtkJgrWrz,1996-02-21 02:22:47
c598ff76-4d5e-48bc-84f2-7cc112c4f20f,UYtmL@uwaterloo.ca,3,qpgLdmYTfCuhjPugmAlmuyHTAfZWKoAjgnBqRDuwjoDpxAjKrUyiAJANHPAsUAHmUEiPfUentBrJOmkqdMEdwdfzzWKckllOKYGMcpQmdrTEmUxflrzGPeiYOCRRuBhbyrTzezmJmYEiXeRBqYHyBQ,2061-07-16 23:48:35
4c85e60c-5da5-4f8e-aa6c-4cd28882859b,zKqycpSgv@uwaterloo.ca,3,dMnPDiKQmLPuVvJHylhQBlAxMZQzcEObabzgJSEIGqWEERKyswSmSnrHbBAanGAIVwhwHWQlDNEQOYfFCrrfnNlNCedyLglozDwDaOBjJZxDGDFHWhZklvTYomVIJzqqKgZnsPFHHQHibqRqgEYFdH,1983-06-16 06:50:40
5750452d-c8e8-4030-a2cc-4375ad7cc255,lnCguzMAq@uwaterloo.ca,1,vBdqAdaOIOmfNpNmmTZoFJNrNMIIjnxcLJMRoeCFgkXnEcqEuBjQqjLCAvFGqnDYwdEUcEEnuzBIwJKunIqrzkTpRYDoYVreUstftNPCZVIbSdRqUyTVYJPYucqRBWohFvXHRmZdgqfgjiNgqvgsaU,2007-01-01 04:14:10
b5c5252e-3adc-4a55-9aec-414e7d0b6b2e,FBXXtHVD@uwaterloo.ca,4,wMeyImqCkQdkfjYFCUNSyPxGSYojEfBStmqDhWKNnNRewEBBnsIAKRSsfZXBfRTLaGqRRODlRvThIHdJYKHTedzgeDwUDruRcCDOjOeDhdsGrFKcKLwcbnFAtCHEFjBwvXonfXBRVQtyiHkhnKcNDo,1979-03-14 17:46:54
ab478c72-60f0-4e69-a7ac-315094fbacb1,BPtgAkdrH@uwaterloo.ca,1,GHdpNVyvzzulbmagljBGoCDpiglpiUUEcwRaEzdRgdBlPKeUvfWaqYfkbjlKcShgJwRBIxGcwyTrmjUdXjwOCqKNuODuXUfYaZlwiGPrKjTfqoOZplwCmUWngMmIRdYvbbPmZbnxJovOXcKYrCslfH,2007-12-06 10:02:37
6d33ccbb-8fe9-463e-a043-541cb353093f,lnCguzMAq@uwaterloo.ca,0,JgsZzHieOZXEeeTwotYLlJQKDUbfWrOpUuwvjglFRWqvCSrOwnNPrfDbJffReAzVpVqWWwmEcndfiaIEVWHcwyntqSvYxHDpKxVWaMrLweowcNVVpDqgcxrKZPSbXFoOqwsYZsVBUaeSGfaEPPJpJX,2039-06-16 01:29:50
88dfe65f-57e1-4a3b-ab9a-55b6e7abcefc,i@uwaterloo.ca,4,KdwqJMtmgSMKrvmfvTLEHvnqmmBRzrTzCJpYcdcPXEwjwpiyBmFAUTkTcJoAChoIuwCIbhxrpXncKyiRfAifdXrxVpkiVbcaoaixOONzlQNOpXHJUhLqDgbnrctPwKccvMlzfjzRmOoBGbeXSblBYp,2055-06-27 10:49:17
418b6d84-dd51-4000-b6a6-df1a128b4f6e,OYFWxVM@uwaterloo.ca,1,wrbxlnMtyvRYzAGFcVxxIgQHFqVfnPGWsghbEUOHwuoeHRXNHOSzGxpccLRVGyOeaBZUPVRRSTEwdcXXqkxcWCismQCIVTwBfgVWbQOijsDMNnLDSKdqBoCtfqUcONcSKWFmsHqjUGDHymoAxcazBv,2072-08-27 20:55:23
4854c7a1-298f-4f88-bedb-9a9542b9c3ac,N@uwaterloo.ca,1,NnChDEYsYtdDXMtxfprJnhAvAllYuABKogSCcplYtTvZzhhFbudVuYTgObTktnUUsXqdnRNiCxqmxszxMGsckLUvHuLlXsqtrObGyUlUohSYRllRsoQCptDhfFHFcWjJwOQbSmzCkcrUyFQOVyyHuA,2067-05-31 05:46:38
86323573-5660-4241-9abd-b8f916515434,fivQbW@uwaterloo.ca,1,QagNxuXZXfbjtCEXHCHGkkFojbCthiPyLuUDNnGfDDlacchqbWjXmGPCtHJpjBpOnbieAsjNljdMizUiedQgbefaqXqqnQHsUeRzZkyPCCRXCHQHEQLPFTxIUVvDmFZurJOpviXIRgZOBKmPNxvovV,2037-08-04 13:32:24
35dcfcec-f426-4f0a-951b-105820d5f012,UAqusRyeHjY@uwaterloo.ca,1,juseGTRiigfxTObUUQcuLZOSYzXAmKprotwbnEVAqVhQHJNpBslAGvYuTNTZQgPNibaYlgzmsfgtIjzLhLjwzEkGYKfCfHMlFKBmYpcrUoaAIQGjyoSfpktIkdenTiGkalmUykdbxYAVNierYajCbh,2036-12-06 18:25:19
1f11b9d1-331b-4b25-b372-145e677146ad,VPC@uwaterloo.ca,4,VGulpYGcZebuJivQmhJxKLUGhqzfRFrYmBBuDvSDMrZsyAmhqIlhfDFxseSkaQgPSIWpUayDAJyEjIdkwTZDwhOUTUHoFneXTgoDKlMBjNxXLuwWnvPRoZfKtabOeakHQnKMyMZjpLmPDFFboSzOKs,2061-01-06 09:10:53
ff0b5ce5-f2e0-47ae-a3c9-378e4e829c6a,BPtgAkdrH@uwaterloo.ca,1,GdcJpmjyegAJKAsXJDEJnHFEMRHimTpBouzioqMSGQQccTpKtjgXsszJGdMKUwjePTEPdaAZuNWSYyUfTSTVcMQcCjbjHJRXyboaFmdeCpoaGHmRTTfZHDMErMRCloEGDjSXgluDerJNhteJmXrljg,1973-05-06 20:57:33
655682f5-0c2f-43aa-8b09-6bc38442c776,DoNFDJj@uwaterloo.ca,2,vpJbCetvZHxSkeGrgRZULaUNpTMAtNiJLElVOfdYTNFaaBImAZvRbyQFkJmKcHkElNrnaJLtBBCVJFcOIAzJZjahWhXtpACrsUgcSRkKJUJySkYkKABdbcSWOxQeUVUkEmPioNAUuCYdljBAIALpTw,2042-01-01 16:51:27
674b6819-78a8-4454-84ad-26a881ee06bb,OYFWxVM@uwaterloo.ca,5,wnEWEfAJmuvnTsDZHKLEigPwsmwRRhtuByXbCzSCkasjwzvgFmWEvBjaTqrRiWBPKQrSZZtzljYpXjRzlorzELFJSHynQCmtzQXMAaXURahBOeXxgbfRjSRmYqwIdtgdhpARhbmFskobeLxuIJEGRX,2049-09-09 21:35:22
aab4b941-03d3-48f1-9419-76662b658976,ZMWwOzywzjT@uwaterloo.ca,3,WZbWRrQRjFwSJTaBlOVgOZZZKjiOMrCKEcvNswwVZPbqHbVscrmLXlEmPByoWhadUdMfXZdjinJoDjErUiHgYTgztScMYFxOrUfvEuNthBHZoROLEVvzThlnvWWzZfVlihuyhVJKEcKbmomyWdPiGn,2043-07-03 02:11:12
c9b82e76-f15c-455d-abf6-4e1072cde2cf,BPtgAkdrH@uwaterloo.ca,4,nTFLSLHRtJLhEopSWOyWYipqVxuMAWspMasveiOPrfroETPxFuzgzBLKCvzokxmpqCRWksNurFSRfYqlxSSlcfJkqZSgsXtkESeHqDlRpPBDzkTvdONSfbJqtzhZjMAItZumYBwhhAsaUZQJJZDNfL,2050-08-18 09:24:23
1ecb27e0-08d9-4b43-9267-665df3f91f10,yTFsFRqAs@uwaterloo.ca,5,KRgEOwUyzyRiuvJlNVmyAbfBJsIkNIxqrChKXcZJuNTMAeVZpbaSsWaXIYgYmsNbLotAmtVvftOlYJvLUgirNcTIqTVDeGBAOrUmINieuqmsTSrSEkbiVnTnVAuBnLHnyMZfSzZLhSdKcfhpwalZCw,2023-11-19 21:19:22
fe134084-7491-44e8-aed8-08cf52d1b2db,HjgF@uwaterloo.ca,3,htYetXRzRAwtvbovNsmqSzhyXfZXkdMrjLZLWjfbBfXENZqndaIBHnkYXxnDTyrPOOuRwEstIKhqqvPlidQJfBZeMAQmQyacIgGIiIcmTeNJmKXvRfbdKUgTgLZHEeptleTKYRUDAEEAsFJKwZZuux,2029-11-19 17:44:30
3624bbfb-7a6a-45cc-8536-a4bd4add57af,hOgDr@uwaterloo.ca,5,waGTmSDRCakluEFlgBqxDxZXISeIkwcAgOyGkSCCMFrVOdAZjBaGrKCTCGFzVjIpRRyOLjuEUVWuUwkaowUFnxPdDdUkTIwXMfWSHZXFsAEHMtpxPcfUGDqtTFPIMHojmHCaHTQRulaGTfwiIFLPlZ,2048-07-10 10:24:42
a2166556-bedf-43e5-8244-5d1c707d4ce9,DxXARcsngw@uwaterloo.ca,1,AmUoNAVgYQNXONObbQSKtcLobABUtfhjIZvpjptIgzEeQpFIjzzsKyFnKOiNXneESKxWpLgfYnwuZoqfRfQlqWfZEMvQZPydYCqYCwgHwhtNUbRNCxylZidYtWgUoTpvNIUeEJfYctydiBOXMWAkkO,2042-09-24 13:25:15
1973b08d-4619-4aea-a95a-a9b0873246c4,F@uwaterloo.ca,2,arQbMLxQWsHpaQDZSsFskXuvyWshijuyaeuLrSGvePJWohlRCvURlMxgZCERdVaKKFYNnitxiPMLWaeBbRAJQWHSzFrkQkscCmFVswJibhKVSnvFNGWOfmowjqFYKbYOcgmGKCzDplBWclzmBwsZmx,2069-04-07 12:53:20
c2ff7394-4cb3-40c8-b70e-08cf5500357c,fivQbW@uwaterloo.ca,1,xjMGPqeONkHgspKWfmqXbpglwXWDmunLbwGpIeyyXcnUIBZoamAFgGeGOiFxXnykkfjtpSslMuWFjjwElgJlYdOcYYhPzegHgyvzzkldlVDFOyBCsvysiZzGjMgscXIlklAmpJmkiRbExfkawmTAbz,2043-07-14 09:46:37
