d188a1ec-a267-4308-a5d5-c0842da59c58,Toronto,Waterloo,2018-06-27 14:32:59,4,21,EODtwmmjlxRgbEKHfHYdwguudBhasmeAjjgerPDcqtyWPhRwxteoLEQpNBxZOzHvvyRQkFVNkSTFZvbulDtKZaqIxwmLLmsFnJSacUnYjMSJSSAYRfvDOlOm
31b720ec-264e-4fab-8a46-6315b32268eb,Toronto,Waterloo,2053-11-01 18:55:45,3,79,wCOlsDhRskYJzTQgZoYgkUPIQJEJbmYOfsajHqDYHPNvIDTKfqpeKLfaUebSomgArKLxbaVskFBuBMRCwZzfAZJEZdfPbiKJunixeAwGfqfRAfCssgxaSUYt
095d49da-0b5d-444b-9912-a97ac262a0a8,Waterloo,Toronto,1979-01-06 02:47:52,1,49,IuIJDYxyyXdzjVSlEmKTibKwDwOeJlhhjvdihODWHmNScyXfOlmdZOEgcHhiGDVPhwovnmlHxZQZzLjrPTUJmGIvJumBnKXdPRTKNqShhxNBmDihKolAVdZT
a6ec2ccc-0439-4fb1-8d1e-8105bb9a66f5,Toronto,Waterloo,2070-10-02 14:07:41,2,91,gdsojaNEzmFzZClGNpOulBoSlAQUVeosZThkRtRFIWvvITZmySRCGZlJuxDaaSfBLyNrNlYXhqKaldeaFsGxxnHjYnCitqQyZvZPKkTvMBYGOqvanSPpJxvI
f16ceb62-04a7-4fc9-92fe-758d7bea6980,Waterloo,Toronto,1982-09-24 18:52:26,1,19,JTECYVxKLIyKyBauyWMtbqPkBLDVRFicdyYLxxMCNUQWDLHroVQZexyafUmNPvenuGQMdjXOdZtXqozOGqCxYmJTDgxLvZseErkUZimmSyGoqYTvOyJCxbKi
b9d95f44-8a32-4eb6-b4b6-28efb644fee4,Waterloo,Toronto,2011-05-10 01:35:25,4,86,RylAIIyNowrnnKBLsMRScsPbueiunuVsahjPsCymVrGqLjHGTCcPZYgvDEDsMTefcOewYIbkCwwXquHbcttKRNfzJCSFWbVgLXXLIoXRgEkQEOvVmsDmPaWj
157aaa3d-2b93-4f8c-ad2f-49a25aea140b,Waterloo,Toronto,1986-02-28 22:42:29,3,60,SRvgBXWEaPKfuPBilwZVeRxrnViYwfTuplDxavgTacwxUtkaLtNVvGtvxBTPBOoVbNHPdFqQEJvCdwInoGVyIKHDvNeVRStDyvrHscxkNQeGZplcjFREtHvR
4408f42f-7655-4897-840f-95e6ecb83896,Waterloo,Toronto,2035-09-17 01:39:14,2,34,DBySaUIbZmkNZBjDcoAEtYHicOMNyItlUyYfgysRmabWFjoTPqWPNtWyNdGurNXwqJQAgRpSTdxBxOmSmNmyoGCDurLfTBkXLHKOJXYNcAohTieyJAUYzZUU
29e16a5b-8c88-48ca-8037-cfdb7acb528a,Waterloo,Toronto,1970-06-05 22:25:47,3,6,giLosntgbEipXldWTZjUIRLWxBjrODwdKtHBUBxdTACzefuORqicJlhfBRijzWnELjwNWnPVgpZdYTWKfgbCVujwBuikknIzWQTfFcPAPcGWHXsEneCFRqNa
e83788e6-c376-4ea2-a3f7-0166453a2031,Toronto,Waterloo,2004-02-04 08:39:51,2,21,DvDPWojmcKxvpkfMnZfNpmErrgMrMRlYUrKiUkvTrlHNeaNOhYDCKGiwSmAvagqLHGdiQeEUhUSLvAaEtwogfMZTriHPkzlJSMxUIHEUpQqOJnGwvtdjZpMK
44fea350-79bf-462c-8ebe-6221fe47e35a,Toronto,Waterloo,2061-05-04 04:47:47,4,20,GlBjJDMCyLlpPpoPEcCJPeDhqSWroWZXDEGVXGebTORoRxEIUbKaQZMHERWqqPtSTSWGlKZDNLHpIhRrLdxoFIunRtVcUAAWIeoKbvYjxrLreKEcyZplaEJB
867ed6ea-ee30-4ed6-a69f-25342ab27e50,Toronto,Waterloo,2064-01-27 19:49:44,3,26,LKtRXdUbzxUVFGQxHPAtQRDPjPtrOSeOefjUCUNIzCvdXejEINOmsmylQBgLoeSqMysWDjHomeiHGDdPIyarIpWAuhilCeKnarKGMUHUyJtySUHFFrwEBsQO
9f884f97-4654-4e88-81f8-c622a888fee1,Waterloo,Toronto,2034-09-13 07:28:21,3,31,fudKhDBRNLwxobvtnVreJXbRWkEBarWunlzAzQycjRYoRVqhGYOvSjlTnkzDlHnEIWqmBPGJtLjpzzrnlFcPBDYntFVmAeLKrsbhmQBSflrJWFYJmgkUItgx
e95cb766-2843-43f7-886e-b98051a58869,Toronto,Waterloo,2037-12-16 08:47:05,4,28,RYUdXLBkxsBzQsHiphzudQBPnbhuWUjRqMnEWVMNLKZiUnyTDkpTiezfISKFUWapdhrovodhccAISQimOjvTawdtzceNDSHsUakiotTsowGtQIWSCvtznwmR
bb667e2d-b063-4f00-92b2-2eca8b9c83b3,Waterloo,Toronto,1971-10-03 02:40:26,3,15,BlJauFSQMliCuZIHGdfcssrLWHPaFyXNVZzJFfddXQZAtGAXPuQLqsBqmpJrLhDQNHSPDFRZJWnCwSZvYEyWTNRTKJbwcbJqUVAspnfVWeQRwYYkGvoeHfhK
3e9569f9-4f24-48f2-8be5-485741fee583,Toronto,Waterloo,1990-05-24 02:21:42,2,80,eQJIGkWZgDReJiutXXQQIfrbxtiVAkuJTyoBvCmpnIUoCpHwMRUWALodSgffwnMPVPdBYoYoZpwyZXMFoGABtiNjjwzppBKUKDUBqJaLhDukrWIERvGcIMeW
5e9b56a6-870d-4291-9138-b95e7aadf241,Waterloo,Toronto,2008-04-19 23:32:29,2,20,ifRKzmGsnilaoRaCoExejHsZPYmSJidVaFezXGkRvBxxPXOKXjwBdDPfqzaPXYkuHVTgdeFqzwxdRPWbtVBTGdZQFfQpkaSriRGedDKTxoWtGeLYtphgFyaH
2f4f1ce9-8d32-4f2f-a473-a914691b3a05,Waterloo,Toronto,2020-07-02 22:25:40,1,45,CoXzvWkcxNlyOVcQjADwGCVuamAJHwMaLnfBmqQBplZwHQTNXJikjHoADOjVJOcKYaIKyghkixzOgBKDIzsoJnQSwNLeJgqXwRYgcCSNLZIEBXOFQMDhukrQ
d188a1ec-a267-4308-a5d5-c0842da59c58,Waterloo,Toronto,1978-08-31 04:39:36,2,12,PTGybYGRxWoOKVWWEzxLvMjBXiYJdCDrvyzUqrOAClKkRiAhvzKtJmXJmPmRpQKQccigVjIzHUueDjmKjBLNtAjxzsbzLwbGmnYpKuxGbkcCSMGfIAMWunhK
0b8f79cd-dd8f-49e6-a53c-cd44833cef18,Toronto,Waterloo,2054-12-20 16:19:26,2,20,RxhRFLLamdpNkOlrPKxLbaQMXJDkbGqJQbAPjSQVSAKAbqndOInKzpzBTZUGntNPhJmxxNfMUeGDodIKxQMyvcaznhLTPeywugPVhRipbsMzkKrRGgnYalqG
e92b1e9d-701c-43cc-83e9-190ee14c54e8,Toronto,Waterloo,2075-05-13 14:32:18,2,88,UhAotNnuBwesocXlvSdVhYtYLRQmEYeOkWspgIEFIyzQYdkZbTacoFIbSlGXqrZAiJxZtFBMqCnzGNixZYCbSPrQmrWEMoPXinvjAXBmXEbwpaMTtWlyPPBg
ca721c78-12e3-4a9b-ac90-bc78c33ce08b,Waterloo,Toronto,2010-02-10 13:53:49,1,20,wWSbgMNDTyvZUcnmgDHdIRmkbcugVWgGAlmObjIuTxhxejAjudVMnWpEgehJNsLEyHwaHddvaUUIiwfUdAUVOXtyewRvjdiVUyrWUzSVTqxDMcUFYUxaSXBB
155c7b7d-d804-40b9-8573-48d156c9b9c3,Waterloo,Toronto,2019-11-24 05:26:26,3,97,KkBlugmmXJsluuAWIAdfFFykmMmLQeCKrKlSehsAmbClwCGRpgaqKEnfGXIxOfhWtoOWabmShjiqOuHRMHaDtttyVJMsfJckMxTDMQOmAEAFhuXUpUvxmcvF
2ebffa7e-7ab7-4a49-8d1e-745ac50ca3a2,Toronto,Waterloo,2073-08-24 03:29:52,1,70,FGIUDWpqzVcuKKOsITjVtnqVOSebrGbGHfzQemZwAwBOOdfZXoGUOvVKVcYRwUPNYXgiaMtQZzwQBhGdYaqUXSJxyeETKYfjHfZQzgKFxOgoLlVvjiwcjIbt
4fc5af9e-75f3-4b5d-a885-1c4f45ed95a7,Toronto,Waterloo,2016-05-31 07:58:25,4,44,YQNOAyHoFTJeiBTYGeURReZbKnxTgzyfZhnkLAgVPXdOjgbdUqTLLNMBfKhOOXXYpBHEcQThSgfsOucmeSPYCgZiouqnblpxsjiiMnyEVmBDmzwEeZTfzUhQ
735b3c81-1c45-4be9-a733-cbe4cba1aa7d,Toronto,Waterloo,2058-02-11 16:29:27,1,5,enUikPLFIdLUtVHrXzxgWRyGBGOcYIrfomNoJPXGmFGqXGfDkpczReLqCMzudVGOpCvHWdMScBURIUGjlyVadmsrImYpVfgrCUvriPAQsfeftqcglZxwWCZL
ca721c78-12e3-4a9b-ac90-bc78c33ce08b,Waterloo,Toronto,1998-02-21 12:23:51,2,95,AkGrniwuuYgslkUzzQBLapPTWVxBgdUkDRqvdwILbgxpuZMoeAaifpGDfdgwsiHcuKydmgESMEwSssIuUluTEQIimzhZHDKdnIvhhzqNtwkuUcNlarIFdOQp
b37ad082-0b7b-4e34-9db8-97d53b3ccc1a,Waterloo,Toronto,1973-10-22 08:24:10,4,34,xeccIsFPHOBemwZJgjhvJDrIObzSILPCwsQyrIaajWSXVLcPlKyCSulhLXdnGvSeOHtpXjiJJqnckCiZYfiXtSSfIMmrHlxxCjqjXWPJtaaDNiursSSpdNKh
4fbb3bed-b20b-49a6-ad22-b3646f635732,Waterloo,Toronto,2061-08-26 08:34:16,2,7,OZwwCiLVexLirNfHSGFZfpLuPsmrRKsOHOYlfgESxXHbfOCWKrBGavjsQttMJokwahpHNzbxqLPczxjzkziDGCfQVWkKZPsOOjcmNvjqpEEdCQsLPUZYkAdQ
0d6de849-701d-408d-91bd-2897f0dc8181,Waterloo,Toronto,2040-04-16 20:57:29,2,16,pgvJTrIuVeEbwrAzmYxTckICDLIXULLOxVnAAbOAiROWINTHuiShGSdPSfHtKYefxUdBZRDnfHfzkDOuVESIGbpORekRUzDQYelqBHjrfRLMlHVVDOiAWCDf
8d2c51aa-c577-488f-b5b0-86bde7912666,Toronto,Waterloo,1985-06-21 23:52:01,1,39,SMqSoSHzLpSwbQHQkXjyAEAmGRMuKPyaSLSOqsEfdhGgwHibILUlwsZIQmSkOywocwCWNFWwQzomETghNaLcZJRQYAwmxsPDEPNSgUunyPwfTeLPXftPcZDr
4f474504-dfda-4091-a1f9-a63e261860c6,Waterloo,Toronto,2054-11-12 08:40:31,1,13,otELoImYmRcinBodEXBsqFPQTcciTaLrmlBAArORcMvXPbxxmkuOmsoixoQIDDVEElbBaYOmuvedMJzSvEYOGnighmhtWNXuQzDamzrKffsHgOMIBQfMNuqB
ae5a6cbb-a921-4c91-bcfd-60a3effe8d1c,Toronto,Waterloo,2034-08-11 05:52:19,2,82,MQimiVFkvpjYTxUaHZdRHJfmSRwhZBkHQwHhgohIjyFbVXBSPUWRklUSvzNviWLtmeFyyBQgNbHxqqlZcDtrwOxvoPUnqBGWEOVoIMvlvxdbJmfrMNngBBwg
5a1ac6d7-e443-45ae-a644-8a6f8b125652,Waterloo,Toronto,2032-03-12 17:16:37,4,20,ErntMRurvCugkqhSmLZNpLeAAptYQJrHUUszgcWpJbsFFkUshVQvjhtXmgvXGPAniISBLCHiOgJrEdEiUDPhWLXVzAmBBaWQFDOIwpjkWYoooNVpJFeNzVqG
56d440da-94be-44ae-bfd8-eb347612229f,Waterloo,Toronto,2030-08-26 02:12:25,2,63,hbpPYpLPxtGuiotYWowVISQZCLeqnbJwElCjSznUMdynyApOViaJLucgVzshHZEGeWdpXuJocpeuYpUqmXQtaBUpPbeoNQeIvyWGiUwrAURzSWMjRxifBubW
b9d95f44-8a32-4eb6-b4b6-28efb644fee4,Toronto,Waterloo,2051-10-01 04:42:33,1,8,EkDoiFFNFVshCHPQphmlPUfEkjeFeFwRMPxtxloeYKjFfNjCPmbNULFhfERPaLTFQGvmuAfYqMQKPcQaHXtSuLKTdkIDiJpvfLHHoVLnohMYAgFaxLgreRud
5e9b56a6-870d-4291-9138-b95e7aadf241,Waterloo,Toronto,2031-12-01 15:38:57,1,78,jttflwRgCxabKQhoVPcVOhTGpWSWvJuiKbrKBLHZHZoYGkgaohanGdgEATBMVbewUKwCuDnIWkVdzjzjbLxrTkHrpYDewHzwYfmvBTEpFldxnholFDQhmfFw
2c5b4a6d-4854-4368-b231-3eebbaf8d56f,Toronto,Waterloo,2059-03-30 01:05:24,2,46,IRnrotWlsaCguWXEVojYnYOpPVgWGxwWnezdtmFBiqaVeknVejuuYITGJqgynNlBqgSjArxmmBSrcfxrApoQFSsXxbtpdAkMNBjwvXGcoJHeVNNWFLdZLELz
477425f5-6e19-4c25-8d9b-0d2fb6a77226,Waterloo,Toronto,1974-01-14 19:23:21,1,43,MTMNGtkBRRgNJmItYhoURKoJJTmfaWQcGfEFNunXKMSzcLfirUoDbDbUJyVvUFHvoZBwcWCLZJZvlJWmsUBnnJuMHOrekAUZIeeLxZFDpzqLervibuLovfma
370f1aa5-3322-43e6-8998-b9d9d81775ae,Toronto,Waterloo,2039-03-03 10:26:15,1,23,bSZvvvBQSjozStvoxuASMgQccXqDRRcEVeqUGcwSwdloTmbGdIzQrVLCMhIeDHcVobZfhHAtBfZVeLkbCNEhbtwafwoZapRcHhHMzPydVnkfKHqOKOLtZocd
815549cf-cef9-4b8c-8bbf-3625d7fad1fe,Waterloo,Toronto,1994-09-13 18:05:32,2,45,aPyehYKiDrYgEIFcdNaADfKAumawagZjcpJKuLObMDaNwzHISQGzLkoLCpTdhizuAMfihBFdAaiQfNbpaqXcghhmSYprLwIyApbYAxzzrhaeedwIADwuJmyd
9a1b0274-49d3-433d-9ca6-58d22a776dd6,Toronto,Waterloo,1975-10-31 00:30:44,3,61,KZUVtoFGvPcbICPMKdwlgZBhYpXlCpcjVIYmjaAIjQffEjKmhOsjtydfVVpAVhKCoVYSTGuBLkkGPykRpTmqGWbEXYlkPnfgeTDxiCGhbZiDPuULKnYgwKfg
53e02292-c468-4990-a7c0-6831549d69ea,Toronto,Waterloo,2072-07-12 12:47:17,1,22,hLXUhADFNXcQmujzoIkqtWJoePscOPDSCgtxMTZLPmhgodDdMXTsOKJCHcKpLfgfjlKldMzzyVGLUADwESvoCrrwCHgzHjHmzVyHXvBOdyNNvzgeKFQwCfav
6486f155-7422-4846-80c6-3c49fb634eeb,Toronto,Waterloo,1978-05-25 00:31:36,2,64,pPfVdXSwiwSUciTqmEdPfgYsbpcoxGXAZPIRuaaapbkvUtfGTlcDowXnDHpwnFlNSdtOgwUGErYVebjQYzIJdBdueVRllMNakCAPWDWAaZsKGirQcQgVcnbo
ac87e283-3b31-4a0d-abb2-8af6c5e1d688,Toronto,Waterloo,1997-02-28 02:51:21,3,55,cdjeIwPiBbaZiYvBIgoOhtVUUUSiBexrYMTxHSiSuMGOyTVrnDGisUrdrogackcosaaxQGyeLieSGhKLJgevCpEVUWtRluxEVGNNYJduOGiLyXTwbYdkvryn
1690eb9c-a40f-47dd-9ca2-ab000f5fb561,Toronto,Waterloo,2017-09-14 01:36:37,3,79,ovAKFydmchlArNVtptGgSqBnfTVXkcewOdomwUilcZiqLqRLHwhKinzOBEQpxTVshzRGTrfzYyFcRSNvVeXUYjJwQgvPJjHaFzjpHIKqdNcBvlCugxCkCRZx
514e225d-b7aa-43b4-99eb-1a8a51755ded,Waterloo,Toronto,2031-08-21 15:14:53,2,63,QGeyolfMtNAogLLHWUPQXUuSUMBvgeuTnODsIaYSfGbqaNzruRoMxfOORIrASQbHzfNSscbrGjmFNEYrqMqISznAYyKHlYAcXwGlxkCxDFCXwOGJwTJMgsxT
ae94be95-ef70-4cee-9125-55dbbb84c340,Toronto,Waterloo,1986-02-23 00:06:26,1,12,mThcedaTCQJFJrMOtcZsEaedVuTKhHpmimIQscgxvVJwrqSrhWSRHHVoRkeQsJeaSRCtXTOWkZazKpBJzBHKUSSzrWLuBdyLBsQzogHLEqarPgQShbtKnukw
4cf92991-10f7-4eee-b9d9-068c47900d7c,Waterloo,Toronto,2027-08-31 00:29:56,1,50,RKCFtyArLxwdTuBgMbUbYgcVHCGHyqeJZMzbqkUXkPvkLPIBJtBOrRzIzNSemDIWpzrswtYriEOmTcobWMXMideBsekjUaBtkCwsjcoeYcTEyDMdWLZfhnsW
e212edd3-e9d5-420c-9cf7-f84c97ca5652,Toronto,Waterloo,1997-09-28 11:56:18,4,41,NoIwXdNvrKnODcUgZUsJnNmeslXgMJbnASUqXgMWnBqQXNmrOskrHToQplOOAOgiWZFYsmxMJRlmydtWyqVLYwxjwlfwVVJGakHUrQagfVvPerNuUceTWbkf
1e6fcf63-b55b-44f4-85a1-de0e09e87284,Waterloo,Toronto,1986-04-07 03:23:10,2,18,GtFhLhusbcUFYUlQOGIHpeCfkmPQgnkUMXVvYyPMwGnnaKgRnqKEfAeiPNlcoPqoozQTpUaUgkjyTxpLmBjvpWUQvZUwSEBEJMmbeXiRBwZoUkotaWFobpBu
7fdecb32-bf03-48dd-823b-f857a38e1a9c,Waterloo,Toronto,1990-02-02 20:42:30,3,53,zOzQvkGzOcaphCdNdqIZIruxaxaqNbzhmmxqlFFIJiDQdFnzJpahwZmQsPFqzOmIApauHlReswAohzprVbNRqxZJtbJYOlwkouMVIlHXlCrvbYpVpSfjjTKJ
b7bc51f4-6a41-4d40-b2e0-05e272188fe5,Toronto,Waterloo,2065-03-04 15:57:27,1,61,TMAuoBQLhDZMbeMfvqpnSllfryobRlBLBgPBlrnueQPiVCfbwGqPBDLiEEXiLEjERabaNRldKsVSwEuoqpSmEERzyeeVgDfIOoNGmdoUWPWqXyDssboGNAHh
1e6fcf63-b55b-44f4-85a1-de0e09e87284,Waterloo,Toronto,1999-08-30 02:52:16,4,24,ZjCksGNxaAWdQavLPueKXVFFPLePHUupeylOVZjvlGVhlahORAJqzxRhoJOSJHSnUBLPdBHrVVrNzXszLoAylqLBUwkkYiTgBFjxBHCeBzukmNwgjSfSpIsR
8c593165-f01f-447b-8659-14b87822853e,Waterloo,Toronto,2052-09-07 16:13:57,2,28,gKVEEDEcQXEgFwgrorhavnATWaeXEQVFUFJTSaWIhSoyukDeeVaXoFnJxblGBPJmHxdlesmYjDWDHpMvwHMURjOTIsLqRfpWUCcOWRcdwfyBQiRpwEssJUPI
ef8c1daf-f905-45c0-8d60-7fa5221f1d11,Toronto,Waterloo,1986-03-15 15:23:46,2,25,RAHAdUFtmOqDiwtYfnGgYnJADMwvfHZZlMiuAxQYJPhywjKZesEANlQyTLSgbcqUPfHlgBXKHPpfuikWzcytXzCVfsUnhlPbdZgyAHXlafmBGijXmCkCOxDh
2a059961-03b9-4214-bf29-f7436f66b8b9,Waterloo,Toronto,1997-07-02 13:43:40,3,40,xsnxVaQxpeGYKHxonfQAkOdqntVvwqvjrgdYBnOiRFmDiTXSrVHlOkVHQHnnJbgSodXzVHrNXhIBzqcWpTCpCQZyfhzMOoronlhMKdDELyVQNwZdRIdNYsRz
c73c6864-82ac-43f9-84d2-fcabd511e66e,Waterloo,Toronto,2073-09-17 20:17:08,3,25,bFTxmdzIBQikfZWhnBxwkgTIjHAbtvoBRSZjZexSMWCACTysZickhFnexRnPZdgNvwVVrZGczZcQRxZYXjcmliEsacOjqPQmtZGzNhkYnLSAMzHAsFtbMmDv
9f884f97-4654-4e88-81f8-c622a888fee1,Toronto,Waterloo,2045-07-08 09:44:49,1,61,TwzAUjjrjmiHmrEIRNgDpitwZeaXtRYBQASryxxoXTOaNVMGFNgzoTMLyHinChZwSbzWndTNPTRhuRINvGLRNrDTRwwgvjkEoZRceptzrlJADBECEzkrlHGC
712a80fa-74e9-4c17-acb7-a838859090e3,Toronto,Waterloo,2051-06-28 00:37:54,2,44,zlKSALvscUyWGATQxWbcnaeXjYclPFdRdbgkAvTzQkgEqQqhsMhZIIXzGsBdrDquLmOWyscsNGfMavysMTeGozxafThCldnbQXeHxAtKBbghHIThuAjmyjKM
a3aebf6a-787d-4b7c-8077-848cd69a6091,Waterloo,Toronto,1989-06-11 08:57:03,2,98,hHjAiKEuvoHjGaNETfTJWxNUmfAZobkPNAYpBmnQWaAIUKNTvfaRVvJDTlWjBtpVlkMnMvrbMFcbIlhOpGrQapjKtBDkAqeOdwThiBclLcrjOOlaIKMKcosO
0b8f79cd-dd8f-49e6-a53c-cd44833cef18,Toronto,Waterloo,2003-07-23 23:26:49,1,79,atMyWUaUbMtmqLVFIMtExNHMPczHZHHKDnYBiYpYKWoeFPgwdfbFDOTOQrSwHxujyIjelPYrKPjdzRkuAVTlKJYiKeEGQRcVgfUfXnOWGzTVtbUjuVqbrHor
4408f42f-7655-4897-840f-95e6ecb83896,Waterloo,Toronto,1988-12-07 17:30:36,2,75,ZmOhXgtFZscGWuSDoBfCbweHAYOkxCfygEFYVeJiLIToZpbrjWONfQNlSVzGvFDkNAbJVKqrnbXCXCQcnjxKBTtFbPOwvrMGAKGAhZUQtCsOLpIzqkFBluSQ
99d72a2d-e4b4-4230-a6e0-01ef472c4a82,Waterloo,Toronto,1993-04-13 07:11:48,4,30,FCWwxWDbsnfkedjYeBjuGLKZuDcpHWBQuyDsBxDVkghdMNaTTxGixEAEYqgAwdqgYpiEaTAqqaxCFMZsGNZHVvxwNCOMHvQQWsEpZexaTlKtNloGXxQVQFMn
0201c93a-89c3-4c59-b7fb-b76c49e0c924,Toronto,Waterloo,1979-05-24 23:39:07,3,24,gyLeegBcosRLrTYbbODnHLUKdIxbOYcQojdSZpSSEEuUpnTaPNhjIDYMncrGBcUmNcQyhGbjIMWgJXYqgHCIKwmigriHlwAYVKLBfTVCFAWNBHVoCrgIjbjx
ce8ad18e-6ef2-4d54-9a85-267214b2f3e7,Waterloo,Toronto,2012-04-28 10:39:46,1,64,XlsJKJapqIOOIJwdZSndfUjyfNzcgqpInXLrCiBstDuCKJiRZIjGNNRuZKaxwqTMfhXqQUMobpYQpjdJSkrfPpKCzJZiIkeoChLkxifBPPHSEOXsLxirYWWe
6486f155-7422-4846-80c6-3c49fb634eeb,Toronto,Waterloo,2007-10-17 23:05:24,3,55,ABpkNdzzczFMaynjqYUWIzNPHuxYbhogTQOvymBVuSMlPWHlsKtvShXcDfvKZouJHSMsrJyuytAHziGHcaSSlcQLSgJxonNfKAEQhNOrqNawRcgOLYAZXsLN
cf70e944-ab22-43af-9081-6b47f0e37e86,Waterloo,Toronto,1979-12-07 18:57:06,3,22,MAbcwxIoljQRWmRxIKhqBWpNwOZXZazBHNdIACeGBTBXreJgtUcHBPvigPwgMIKJkdrbJFHYFEUyGxkqRrkLzEMhOyuAkdqaQhXdyunVrLkOkZOOssQQbYCR
2a55dad0-351b-45a9-910e-eae44b80df7b,Waterloo,Toronto,1986-11-19 01:42:26,2,39,tHFTxAzfhhJllraspGxOqgChcEtcukhsKzTSzTEzciZzyNeyvuSVmDcCldkYtzGYYppMSbKtfupFUPkFWVzTujZIDcMEtxJpiHpmyihQXjnSpwuyBqKLojEC
d7b9a4bf-24a8-44a2-8acf-a64483b11cad,Waterloo,Toronto,1995-08-18 02:10:42,1,56,twVGAwGoeSaIOFVAtAkphgdDnRYhNVVYNuTcdkrNsIezJXugssiUwqrVuJeUgtLrvbtvEpDaGWnZHWWNTFGnMhgxxLqIYBiDgJpkDImgPMvXKQsqPtezNosq
04e93c51-d2f0-4297-bb56-4560417ab638,Waterloo,Toronto,1981-11-22 10:12:38,1,26,yVOPbgSbNiViRozralypJaEqfqApKNNqwCYTjmVbjKcjFKILimrwhaUpHXrldafWtPUHLYkOhYCYYWrQzJhSoVnvgPERSrwykQNnbGoxlddWFISNPuxHOzmy
e83788e6-c376-4ea2-a3f7-0166453a2031,Waterloo,Toronto,2027-12-05 00:23:34,4,34,zmhwOtCxFZxRCFTyRcFpOOIfMOmtkWtwcGwFVUsTJmmbprGGQkfxSNVPBoOQdDXCtfjUfnClBjRnwYgMlaAWzjmxiYzXORLOiBQtLMqdspqSfuGwRYSUbHxD
115c76a6-904f-415e-af2f-fb4be24c6e96,Waterloo,Toronto,2011-01-14 20:45:11,1,47,QpYvHqmSoGYgJHMYNQIhDkhnxikgsEmIfappRCIrmZWURHrzeqFeDyBhPxllzAKXCIGBxoItXCZDxcIGhomYrAMDEFjkzbCITOIebgnJFXOCQzNGuaDuZFdk
04e93c51-d2f0-4297-bb56-4560417ab638,Waterloo,Toronto,2054-11-13 16:38:41,2,6,wXlDUaenIYmXWotBYsMrTwNyEeAtrwfaloslCpOoGRWuXmayUHUFOZQZaeavVucVcwLlisDyMWllwdktSanawfcZzgfRbGZbSpQgtLswodSalhzEHzIrnNIx
ce8ad18e-6ef2-4d54-9a85-267214b2f3e7,Waterloo,Toronto,2033-08-28 17:23:14,1,13,yfOLMmKQQTwrSeIpGJvSEKkBunciYoCdNnFIYXIlXhkGWJoKmnCRwvlJedYRPFyDegZWkNHlEhovnCkzDyNcOvMTAJAxjIozQuLgQwrgAsSFFdsSdOWqyPaH
1828aa45-1b28-418e-a2a3-8c9e0974a318,Toronto,Waterloo,2063-12-25 15:56:02,2,56,RMsfiAqgcMMCnGwrlqXifiLdRtooQWHYCQSUuCfWfXhMtVdyWQmpWgxUrpVHXVHQKpsMtaayfQSgxmHibjomrLxyoGmmASBXJIMSCNyxNTIdNHGSkfNJDPmR
27967907-7e9b-4b2a-b7fe-5ffcbdfe927c,Toronto,Waterloo,2048-02-22 22:30:56,2,41,GSBaKqcMvvqwOwyWwaXtXoVmELKvtwtjvvCsFJDtfdGfzzAXfIWrGXBwunuvoTithxkqnfvyLmBVMdxtwlVsSuMEcsMzsWHIZnPzBQENkXPWlySKEJJnxsZl
cbd8ec3a-e35d-4ce5-aad8-5b895ed6a1ee,Toronto,Waterloo,2061-01-18 04:57:25,2,83,NuQRNvMcgRzixnxCteFTazINvpVSuPOLqbdypbQVPbwCikTVfJHoZRsahgCxiQYwZJsDShAnGKbJqiWloBgRaeJhPdvRLZZvXprTsDlKslUYOOTlrIDQpPvi
56d440da-94be-44ae-bfd8-eb347612229f,Toronto,Waterloo,1982-12-07 16:09:44,2,93,WktbLMsqKpNTDUCbWjqJOJKLzNRVerMfLkOBiNMqeIHLlvoAIQUSeDqCILONpSMtnxNZbYwaYmVGNvsDYLrBpzElZDVvNZegPUpJglxoliBeZWMgOMREVROZ
505fcd5e-e2b2-484a-9b53-2d39b2607c41,Waterloo,Toronto,2075-08-04 09:21:40,4,81,WDQbgqMYLdiFoNHAIWoMguJFoiXZzVfALDHAacqgoSGKEGfAasqFWfvuxLspTioykPssKQnhzmLRRYXdVjHgRbvOihuzTtvXCEWLTiEbIvOFbtmdhYgTpgkr
b2a2e38d-80bf-416a-9784-f19b0f3e1e3f,Toronto,Waterloo,2034-12-04 06:45:19,2,33,AZvpLvYZEpcseQhiJIJgMLLqKezkrkRqEFWQgYGBvhzusViLunBKvRiovgLYuSXUzwUerlIshuKExOmLPukUPmmWHWduWDpbZlXwqKWuAKBQBzUFoKJGMwLL
2524ff46-d7c5-47ec-b355-5345cc9598b2,Toronto,Waterloo,2067-09-13 00:25:28,4,58,rGqVESIbnsmiLzuDTZzGyNBnugsOSRukuEBVbHholoOBDIetonkGtnaOekXDKkPiiLzGQkJPgatpvSsnoIWZwWajilWMdKHGQBKVTWrLFcELToAemAITDVhN
e85bf762-01ed-41d5-9805-7081a846bb70,Toronto,Waterloo,2008-05-09 09:01:29,2,37,dlGGKcBcXncGlReVvTVnbRvyydCgjZsGDVihjnvacsOVxCiieTcRgosKfWPgOzMNWGOjgnbLHMrITvSxUbtyHSPWRdOuyOJfzmDoSxCwHIkqzvhfiKpXMHAS
b7bc51f4-6a41-4d40-b2e0-05e272188fe5,Toronto,Waterloo,2058-05-26 18:43:05,4,51,xvndwlVJMpazOKExESTcVjjOCXqTnZDDFrQhpvqLZmRSCGBfrAtyGAVvmNWzCYGlTnWCVEbfPeWurJZlcvpJprwqgTHWUGuqarPHBChsUthdhnVDzkgwycJk
d5e4c57c-d0b8-4435-95c0-8be3146045e0,Toronto,Waterloo,1997-12-22 19:31:49,4,38,WdoMysBkQyqMLCuvvqRMWCjlyGNXfteAHKBbiDGBViFOpnjBpjdwiDkquTfWTJvQTvcLyRMnzNLfSODjSXGhxjVMepMxLNIDpjAAWgjhmpSyPbetFqrcjjSv
d624fc78-aa2e-43e6-9ca3-51d331a2694f,Toronto,Waterloo,2021-04-11 15:12:20,2,77,sAaogleqqRvbnupHqTPvwVnprJPJINOFHSDUdmzkXeguZdfdOWjTDTTLVCdrWEBfkwkMVkiuhRvFkUGEKEkZJNbcxlVWbwcLIerOfrRUGWthyuZlsRUhsuGn
73c63516-303a-4f21-ae5d-3ade44340102,Toronto,Waterloo,2064-01-11 05:09:04,2,57,PaIYRRrwHLdjvLudseUUXgogBurYfMYLDIqocyJipqzDyaucRqRqNRvmQLUszycdqlmDtjeZHwQZWLlHotMyHzbKEFgkitPMsPCvndaCadraTSDMiUMUvRvJ
ba72bfc3-2b8f-499f-9bf5-315d9ae95156,Toronto,Waterloo,2038-08-19 03:35:28,2,9,kfZdYbSXfUoMmijtdnQkDuTssWMreobKrnEuiwqRmzugZcKnvqEgzjhwiyBwRLVzPaOkHDVNWAmCLFKBeZqhKiycWCkNXEczaQtwLpMjOLeOfBVDWUoXXSIE
477425f5-6e19-4c25-8d9b-0d2fb6a77226,Waterloo,Toronto,2046-06-22 23:36:52,3,89,ZPrTIytLpFxDVcaUjnFZmbAlJhHHHyWnyEBMIkqvTZMAXcTbJjuhhJnOSIwdraIiGhfmpXJlUDUSFjowAKlYqZmUhgVmFAazsNIxuHrVYjTTNtuxgJxHEbOV
325852e8-f909-4f93-ac25-f4d8db8cf165,Waterloo,Toronto,1998-08-26 05:52:02,4,66,qmjOEyGEeqtTjtFJKbwcSLAgktiVCvDbbByEhmxRWAvHPnzqsBppSIOyjqRjKfeivAkuAQnRNsxcudLduxQslvHhmlRBUfbauDTqbqMKslGSugaqpLJREupj
5c34cdb4-a599-43e8-a1d4-300b01a9284c,Waterloo,Toronto,1998-03-29 19:25:22,3,4,YZASvODKMPJXezHzyeMVMADiuVDbdBHKqECAVundeLXlmCWIWhsBtLVdLIsxqehlqYXMKrSuivVIvrbqDGgzRdzFCePWvxhpBQipgifoxOaqBImWszHBzuAY
0b8f79cd-dd8f-49e6-a53c-cd44833cef18,Waterloo,Toronto,1978-08-02 16:34:45,4,69,wDcPDVbUVGjeEdpmvgRmZYzOzxEGaGyWZZgfmPWarWeUOXksEvLeuTZpRxHeePjcCKJdBmQjziIWnMsImVBccKksKziferefLeASnFDjkopLDALCOZdHwlBS
9f884f97-4654-4e88-81f8-c622a888fee1,Waterloo,Toronto,2013-06-30 08:45:31,3,59,VNSTvuwSDnvcbjIupfXyUlCqzrhVZimQrOiirGtcwSvQmuXPQKTFIARYAZqiKVrRhbndLhTbfCQUEuehTrqwCSBbEGZdinYBZFjdqJhdWRaAGqgwHumfiotW
56d440da-94be-44ae-bfd8-eb347612229f,Toronto,Waterloo,2051-03-12 21:09:03,1,50,LQYUTYdujXZoyQzdCkSUreTQVLOksrmEWnBcmDUGhEfbzZFEqFqJABHDdBqfJwsgFTetTwdvMUNSJeXoRNiQFAzSAZDCNetEEIWjmSkbTiLEQMaUqNlUKHbt
64a215e1-7161-4907-996a-01ad33b48574,Toronto,Waterloo,2002-02-24 23:01:05,4,94,kZzwzvavtHPDOxxCEocmfVsRFfyAzyeDDhkzMCyWpvCthvzoKxtVKHkdYyGkQKSyDTThQuAlVjVBIqxPrhKfrrjYQATwWrxgbrgOXKFqeXlqRKgNxSwVQaBx
28886a92-d5bd-4b23-a01d-acc40665c1ec,Toronto,Waterloo,2015-08-25 11:17:03,4,82,pmgUotmhuYLzJQsUNJVKNsEnbKzvaDRBEBdZacFwWXnwWpxBFVkNNiztwdfbquHHSycIrjgHBKSztsclFjsQeaANJYCrtPuDXRYLbJOusyKFGcSBswYIHTnQ
0d6de849-701d-408d-91bd-2897f0dc8181,Toronto,Waterloo,2052-07-31 09:17:51,1,30,vdoWzDhcXaniqmjMysUqGhWbGHyCeeHsvSvQWcwFFpTRjlnwPVTtqWHKVEKXnfSymgDMMnkQbngjpaJAMahBGuvUMQpswAvAJauybUQtyIkJcSCWBhhkLvfe
53352e35-15e5-4a96-ada6-010ea85eafec,Waterloo,Toronto,2060-12-15 21:13:49,3,46,uyTjrSWDzjqptONfELqOYtNrBxgwhXzYKFWxlyTAWqEkqUNEdnNNPDDbvdQAyYMATqBkapqgVkcKtKpuTRKitFfYRUGOQSfwombggpOjeUzfdCluHPmOYmeX
865123be-9c67-4129-9329-d6cd30a786eb,Waterloo,Toronto,2043-11-23 23:42:50,1,90,zWJPgBnVkgTauMqsJcgsBQpKaNZveuSkrYJtMAoACIUiPCnoXFAkAgdIfFklIJHHNtUPkMGlyfnxKRenelJAsKPIZeQZXpqnUnrwQNluiRSCNrOyjqIydaSZ
1e74ccaa-577b-4cc8-aeec-8f3bb58b0042,Waterloo,Toronto,1990-01-03 22:41:34,1,57,TnMyAAPSqvuLWJDflzKFQdKjSVPezjAIpJWmTOcZHgyHOEulVmQLqWvzdtrzSvxoRLJlCWyylQFxDssRCNpSaGvnDIYlkJCvsPHjMJyBgtGupHvSGtwQdJyg
f2ab5dfc-c1e0-46f8-b9e8-fee960e851bd,Toronto,Waterloo,2056-12-12 08:10:04,4,8,VSuBbQOFdxGgEsdOacPblVUHHGhRdQNUbakKwHwhdZtpBxTkRPYKFBPwUXEcEPAfSSIKFTaTAlvHhCsMEZsRMHiitudYLMucqlPRqOQuIllawjDDEaatBpqk
73ad6992-8cbf-41c9-81d5-afdd83f30a7c,Waterloo,Toronto,2010-05-27 21:54:29,3,15,gFbhaNhuhIsJzLCzfSJUtYnCktpdJAUejCsHsIFgOcVxlvWtbnoBJxcRPqLeGRAQICrAuLprRRYGnUVUjxyFKRjrkOHaMjxOXCvqdVfzEaobrjSFatIKMyYh
e2a05702-4763-4ed6-a2b1-25cd2472dcda,Toronto,Waterloo,1998-08-24 07:42:37,3,98,pcOgjtsLtoRXmQBFTtbIfaFybkKwoohstCRysoYHxyUgnaqRQoXoXwvwQmqTFIGTDvUdwgZlUsLgEGQuLzDLOTBrmBlAMVOElMYEvVbgEhdEigYTlDucwyKY
57d43e90-83fb-4fb3-b727-679a689b9bdc,Waterloo,Toronto,1991-07-14 06:21:21,1,92,deQMOmNVmnGdECCnksrwGISuMnPBoqfmLYTQXdMkDYOrbTymVjFdEWJxSHwcxEcAhKHnwmavRIqWsOHSJJMxyyqQcUDmtvLmmGgFyjktvnFlUESFTZyNQhcS
5ba3c52f-4934-4b7b-80a8-af5cf449e663,Toronto,Waterloo,2025-09-22 08:06:24,4,52,NcHqJFetGZXvNecuwVGVhPgvQEBfkuzlgMXwlrUbSGVdZcccOwJVlQoRbvZPWzVOPQSPtddsbvszlwaMQbOpfmNaABCBOIDhUyjaiAppdrLKXLlqPSNWAYYg
93f9f3c1-3e5e-45e5-bb3f-fb7d16bb9005,Toronto,Waterloo,1970-08-21 18:08:51,4,97,AqNIphuRoDvjIZGhvWpnkldghjQgxRLDJFByZntseVprCgUqHOLNdkAJafwVNjYbUFoWRtfNwHpJpVvfJqNUCWWRYSyfWQUrkcoMncLraSVsDfNeACTsRHhu
505fcd5e-e2b2-484a-9b53-2d39b2607c41,Toronto,Waterloo,2063-12-16 20:10:13,4,71,wpCxvXZMsjCjgHfzcBdNNxiYkbmjyvesORtQAmvwIFIIgzBIvlzRxCoAUiYIzGBVRdzgshPRZsTvNbfQvVNyMtSYizqJDglhFfqSmqGVDvsvVBdlqTFjHTmX
ac87e283-3b31-4a0d-abb2-8af6c5e1d688,Toronto,Waterloo,1974-07-23 11:37:20,1,9,FRPCMBVfOLyotQRItZBhCUtXxErWdcxCCRkGUDnNMmadcIrwXJDfXlJqjWvzagPhWXRWVCLZWYOJqAAhkshGkSEKTVLMvLeMrxGRQxjDWbDehBNcxaZrliJm
63de0cad-f67a-415b-b2dc-84ec6f517a3b,Toronto,Waterloo,2049-02-20 14:35:04,4,67,sPPBxWVqqEmJcTEodtUSLIvbayneIPuORnCgEOopaNvpPxhUObhYbcWJBuFMfLgzeqMxWFhCNnekRGqdFXhzqrHCcvFfjFwnOAURVhEwtUMKoafbNJIVtzrR
f457504f-3bf5-44ae-a7a8-dbef12031428,Toronto,Waterloo,2059-02-27 00:01:22,3,19,OtERaAfjHyxBZeVtQFvzzkZRyiYNTbhjLtvYxECGgshPoHzqtWVaGLipebQsQAWcDywUQNgKytsgtlPefdjGEfNBGSovoEcTvIEoxAiHgtIgEmzSNUWDAnEH
c081fdbb-b8fa-44ed-810c-38a826f79974,Waterloo,Toronto,1979-02-25 08:10:20,2,29,uMCFrdeSTFcPlpPkrzPCbQfejXKXMvOccZNjskHXYbFvRVcQbfxoGqgZnRTuxURsUOciNUVbRpQVglPgXDPMtCbIkektPPMJWjPiUkgBlhAcULlYBCnqjfiH
5a1ac6d7-e443-45ae-a644-8a6f8b125652,Waterloo,Toronto,1978-07-29 12:36:25,1,65,rdZCGDqRZmgahTLPHawkCzSCsYKilkIlvOzFoaGEQNWKKUsFgVTDNTkwWDKyNILFNwIflgJksXrztHeCvoOFxshxWNXMYPZiyxtgYnScFMPmyIuoVnBPCebL
329c98ce-e96b-4a3e-b8f2-edc8261f2eac,Toronto,Waterloo,2045-07-30 16:39:06,2,0,NIxVBwTvZPIPoaXEbkpwKQdqVofsqvEIvnBqdDNyXSepruqcpxuRtmsiMdMemVbOhMVMrQuqxdLDMuuipguGUYjJldqRQFYjhoulxFrKPdqzxoKtYuexdFDP
56d440da-94be-44ae-bfd8-eb347612229f,Toronto,Waterloo,1998-10-12 05:44:06,1,86,gjeWmLlBURKSRDIWeRUWJQVVwlAyFbVVElCBxmzhpLNUgZfLqhzSNtuaiQKFZhPkPBpyjrjduNGRhFdoLXbGuhtaItVQOZinklyYzcvJqqMRNGrqzNkcPtJN
2c82441a-95ae-4044-8f60-c1af1d741655,Waterloo,Toronto,2002-10-29 02:54:43,2,41,YPSiqQhpSQzjYfedzSYJLqOelfcFpzENxJbHktOyEUOCcLPtXtqpLdUQdiaktjCFBqTiMkPOGBbsSynUsqgyVvzYBPUGlGsCZQgJqpDBvWnSSYzrSQcMZuUG
38eba974-bf90-486c-8519-5be0148e2423,Toronto,Waterloo,1993-08-12 04:30:56,1,15,OLfWuTwTpRpWdbDbHVjaNHFiJJNdkkcoNIwzPzzThwLXbGEIXMOmmCdGdaDurSqTgBJoAqORzpEsyBWkwQpGdMUpzCbbRCXXGLVADsHMciVvGivYXmZbZVQI
5a1ac6d7-e443-45ae-a644-8a6f8b125652,Waterloo,Toronto,1971-05-04 10:30:59,4,68,FxtvPFKDvVQqJhWSgNSOuHbKrkhCOlUNpYwXdFvJOeAvghPoWTnMpRPFYbhpAkKjQOzqqXhWYWQCAochElWsBTXNgZdEGNYJYjvJnSgVbFBKlpQWPoBwbnOS
cf70e944-ab22-43af-9081-6b47f0e37e86,Toronto,Waterloo,2050-01-16 07:19:59,2,33,oWTCFiIxHNuhbLJYRvLlcQSwQEoaPpEZdJQhZsleWmkzSWjKHrJEPXEiuLqFqOGgQaFbcgrZabWYsrjUVpEqRGgLtlxugMZXgJfdfAwUbyxpnZaHBtGUeUFI
1e74ccaa-577b-4cc8-aeec-8f3bb58b0042,Toronto,Waterloo,2047-10-18 17:36:37,3,58,uLuosoDMkTKWBaRfKldYvmTtRuKzZueKhbJwNgVFeBNZfaJzSmCSFQNtVodAulivpDLqnlhaXHQVtIJJhwBtethjYADUtQuVRbOoiyvWrxdJlcxczcoVcEJQ
9f87bb83-aadd-493b-a3ae-a0ec90454383,Waterloo,Toronto,2021-05-17 17:32:55,1,28,rcchgtdILNnQzqPqrMpXvjXWZYEFOAWiLfOUIiygFTUGFzrDdLtDYZVjSuajgWKahgsMoNllpNqbKMeHRpLeDSxUugSDFvRMVZCfkoFZEUMEQPbsFEbqQhSF
0d6de849-701d-408d-91bd-2897f0dc8181,Toronto,Waterloo,2042-05-30 21:38:02,2,86,gIJfsmOdmimypVdcbXrmrLNmNQINAOePaGnsWhOVryjljxdbAVqxjqtrAQlMWanaKNvycfWvGpWIyKGvOACeoUIVgWcUrrLTuFTUNxoLbdAlnENwMMLqkBiX
bb667e2d-b063-4f00-92b2-2eca8b9c83b3,Waterloo,Toronto,2029-05-12 23:15:32,1,17,azjDCwdiFEVrOXoeBoCnUkokOCMgoLyAGxciMsYyxDBzQaWpDSAlHjJxXJUOTzeTrdRMkJbBUUWfGOZVBdujgnCVnEorJEhdUrOAhRbEQzKkmDnqEGCutxaK
f3ab864e-cf87-4fb8-b4fd-657d8ba5fc63,Toronto,Waterloo,2008-09-27 22:26:51,1,43,QPvYYUwEiQwhtwMaNboJyAJJildpLbCNBTNQVWUwCCBtArxVqKTnvwAkBDnCCvbTpNrImsqKXKfRDPLPvqeixnECQiOsYIuaqEhozufFVhFQnFqozhNIMUhN
5a1ac6d7-e443-45ae-a644-8a6f8b125652,Waterloo,Toronto,2059-08-04 01:58:06,4,52,nzLqtKgaTaRWtKJtytROCehQFknqTivUKbspqhHSuNHYVvGMEZHySCIcvOeEkHwrlOxSkJNuAMsmLzdHLGIwQgbrlSrnevOggmUjqUQhGbfRbbOMqyyjOSXH
b186465e-16ab-4909-9343-656873a8a251,Waterloo,Toronto,2045-08-26 17:31:33,3,6,qViPZggxMRITKSaXhvVWLomIpkszNEXXCgGCBRfBGEZEuYpIPgVGinHlstBpKRxuDrTvNgQEIeaKUtBWDRPaWsRnaJRPMrwEiKIMhluiIASWrMLILmsRxUSw
e83788e6-c376-4ea2-a3f7-0166453a2031,Toronto,Waterloo,2055-11-10 13:30:26,3,39,fdZgQDWVtnrNxIeOivWKPFilJUDurzwKcwfVxvPRLRNAtptUFrKXFUpEAtrekfDfrlsHQEPdbMRyEItHdJbVLyNHFWrfBTiRiGoKfbqusSOQmPCSjbVujrCt
9359f840-e84d-474a-8bd3-5a5a65e55f74,Toronto,Waterloo,2053-11-11 06:10:42,3,92,zMinXejkxgMIkcZWQBgvhdwOvGIrrlUQkoGIBSXNancfmiGSrePNbMiJaxFZqNCokOAbnpbYaLZOoIwyfrDcfmIQQMDPzduMDdFwMnFEkteuZsRTlzTrtxbG
f5cf9a25-ac6d-4577-ad8a-46fbc1b5600c,Toronto,Waterloo,2040-06-03 09:07:03,4,0,eDmelLrcgqomTxKDjXtgvpgVaxcevgvdkbTJSWHnHKQOxicfLgNBZkYNKgQICKbCZxLzEMDKjjRAxpIWcIZWaWVIFMUuCgkZXKzeLyjmelbNkeDRFWTahzOG
1db322fb-8a4d-4cf7-a23a-f6b9caec6faf,Toronto,Waterloo,2048-03-31 00:32:26,2,25,OBeeFnOVOoouLBjayjsZAGQKgIluKmcxNnvkkcrjMeaAUmvdVgakSMZnnaWXwdSShpafItgqAyGjpATxtntwPIqgIEkspqsKzwvCMnQUGxhDmnQZPfxVjYdD
37ee74e6-db3b-4643-9288-667fb52512b5,Waterloo,Toronto,1995-04-03 12:19:37,3,50,mWDAxHgAbAfjZrklWhOgxHzaOynhlKSdkjaKmzRCnHCCKTFjvuZGaibLMQQDBpqbmcwpoDsWTxcUjufHZqPPQBxhjeMViwjrQZLSHnwzILRyamqybcTAcrmC
a32b2830-b93f-4eea-b3d7-ef4e896e4fc3,Toronto,Waterloo,2032-12-18 01:36:18,4,4,dKNAJyuVmrUWIFXJqgsKkZQCYTFFEaylbwHyjZqeRXDvXHHsjMyzKYAgMgcTIxKyMikZhmVLqtXdXCzfEVWbIUuhygDjFLJweWJqhkVCMtUTzBrpgWFmccSh
a700574a-a761-432a-a3e4-20b900258fb0,Toronto,Waterloo,1970-07-25 19:02:04,3,36,WaWSIDpFIrSAmXXRgnIvySlzGkLJdtXUaDSLATRaIXOZNVtCEwDbGGhGLcxfuuXxKEAvvgYVhlYlhbWptMmNjXasrQVjGunodnolAZrBVvZWGTDUDwQSfFXw
44fea350-79bf-462c-8ebe-6221fe47e35a,Toronto,Waterloo,2055-09-28 19:40:52,4,10,hUIUUdcPpMtzoxPFEREjpBSrqUYwBdGJzTDfIaWjcWATKHbAFOHUMBOWDkJuRKtOWrpLufgMdxRtakcAhgQKNBrcdCLhzKEyJLKKeRCNWtCPsgrMEXTMqDQo
9a63cf3f-0f96-42d7-86a0-c66e0df9086a,Waterloo,Toronto,1981-11-15 05:04:57,1,3,XsbEKaRIzvGdYuVbPafAvIiGkpaOcMoTZDXeLIUvDUisBGALDneKvqUorJxfEpJXuLjXXUKOfFGjDQhgNPQrBsNfSoLdrmkJFDgdrovzxqZGLCgOjpkZSQqF
aecfeefa-f10f-47bf-9fb2-382bca080a96,Waterloo,Toronto,2066-01-02 23:35:07,3,55,MXsUzUtCaINxFEGBWTMYmpqcdvddhNfynpfPNeYOUTvTOkBosZNFzOsDcfMqYNtUqiEHDmjmthbrfEtwqbjkxqhZVXpxblTQbghhuKwrQRpGRkYKXnpDrhMJ
23e06359-7e54-4dc4-b988-1888b348a9f5,Waterloo,Toronto,2016-09-11 13:45:03,2,24,PbJUdqdBkGfzXblsNUKpQpmikwcbLupBftYDcTNJnfierribElvXfjaKHZLMxymgIpWZoxsYmWVbrnhZPusTjQvRgzrttPEawudCfqhMiZmPSpGzyKLkKYHE
73ad6992-8cbf-41c9-81d5-afdd83f30a7c,Waterloo,Toronto,2038-03-16 22:24:44,2,77,zuGhixHqIPOCOhhpZozCdkCkzyMpDdqMovGfCAhcIuNSPbtKXfcYRmmHBFmvbgQjbDAYpCzknTLPTWHRZaiYevLXJMNdqFilJOrxeLRbUUtAuCGSnVtSkVmB
9d4161c6-df38-43fc-a41c-0c035417208e,Toronto,Waterloo,2037-05-20 07:09:59,2,50,iJLDQebUFxMGVkdPVNPuYFcUJLKsAjiDBRXaeaifkttwxOIIDkXCWZLGiBvXXdhTIjVYjcEutXnVEvpVpTkJEDMhGgwGbqbMQKBjDPJHHMNLbsxkTxGFpBRu
78f1b021-1e53-420a-9681-b3472fa5fe6d,Toronto,Waterloo,1973-02-17 07:33:43,4,93,RTAjCWtSelfaRINEkXQUxmXUyoYHxrwhPGozCoALSLSFdDekxNNepyOGBDZqSuTjbYVbcQoYgoProebaXYWAxQkmTZgVcouVMLLLXECfcRPLICAUctEQfSBb
54ad8c03-2c88-4b01-95ae-b069beb6995e,Toronto,Waterloo,1978-05-21 20:58:19,2,98,ifQlADIwZUIWbhkevYgDsDyxxVaiWWpHTsXLaJiQCoygapQpUqzqMsGwFivUbFtIcRBNYEzGcFwOMaIbpefbCitPuUaqsAWRcxdWEDWhabhseKnVxeBbLYZE
ae5a6cbb-a921-4c91-bcfd-60a3effe8d1c,Waterloo,Toronto,1970-10-07 05:53:51,1,53,hfBrfmiMijYswzcllZvFYiwREbtaqmMsDECpqagLzViUwRSMJAGtcGSSXxRdnMPfIYFOsTXHPXivHkksqDHQUWSSAkvGpPpkxBQcOnhbMDDvOrsDaphTEFya
815549cf-cef9-4b8c-8bbf-3625d7fad1fe,Toronto,Waterloo,1979-06-13 02:25:57,3,48,lvJpaSEjXqbxBzKkOJHYUgQsSvNDluGWUMGOTpHtvbobwezoJWYugjgEFSbzYIWrDOEHlkbTXUjvWRbKTrXRauZGcWbEPhoZKojvHZsLtBeSSFxAPRiTmQwA
735b3c81-1c45-4be9-a733-cbe4cba1aa7d,Toronto,Waterloo,1983-05-06 23:15:24,3,93,XBUgrPOVLKHLzGKMBIBJZtQIWYWWMqJJdTjZfGhklCbTVBUkCXrVggIIXvRXloCOhdUxowYzZzrQilTlRbMlBoEBSxcKfcZWMyFRaVPgnDKDGLhitRzzHEHy
815549cf-cef9-4b8c-8bbf-3625d7fad1fe,Toronto,Waterloo,1980-03-11 23:17:52,1,96,JaohBUSUQbSUBdbnaUaobjDmrKRlJFtGlEqHibNdThtFqpeHznwBJMGOZIsVZefZOsdFPOSFvOmuandIIpXjWYjgsjKxDiBvgKoyHXjaoSdXJyJHnEJdVeRa
44fea350-79bf-462c-8ebe-6221fe47e35a,Waterloo,Toronto,1976-11-07 09:04:22,1,12,wsqAOojiZOSbMSREzipzcomFBHOkGHvwQtJJOKvfcZWKxgSESbLBhuKHzgolbAQVssLJVTXOAqWIpTRcWfQpjTpBGJoufyXMWVBJhazUEaFUwwbIecSAKNGG
0d6de849-701d-408d-91bd-2897f0dc8181,Toronto,Waterloo,2030-04-23 14:27:24,4,29,vQYSoFkMWCrezOWUEiUHIkfpiuxBbhTyWRSKTuwFLyQOvUsuBdJWhqSvUvsMyEUYKdtmeuSvhjWrqVQJbLwQabhrefiDjoKTybhHUVEtlOFzxAZUBtQCtKEE
28886a92-d5bd-4b23-a01d-acc40665c1ec,Waterloo,Toronto,2048-06-04 02:33:54,3,30,FneKUQGGCVMxDCMsvwNmHmTTgxaHwDAaAJPatgGiPczbfplBOWRCmFYVCVCIAXDvvpJKrjrkTgTvnzBcFBPaBnVMzsveWvCsHLwJdmiGUzTOdBQqkoSLoLlU
604f9404-a491-4c78-a51e-66bd9504b8c4,Toronto,Waterloo,2040-03-05 19:41:09,1,5,aqJtKQsDazzxeHiPGxdvneFjhLovsHpMQbriqNPfUpcLmsqAMqchMxnvnEgUlCjpaYBLyqsSlrZFgOcTLOiXzhnOGLAyKwRMdbYgvVXvhcLEtCHEaVgqzDlV
8d2c51aa-c577-488f-b5b0-86bde7912666,Toronto,Waterloo,2006-07-31 07:28:53,3,38,GlxxNGKMjJeEPEgNiqtfMMDfTuUHfoMHAtgjVGuQGDikguDlfLhQrgFqmnEUtRUwkiNHHSMjWMXQOLelCXBeVHTIRioZMCDIqwknjGHdQXvVGrjYWvCzKgIk
9a63cf3f-0f96-42d7-86a0-c66e0df9086a,Toronto,Waterloo,2002-06-02 10:45:21,1,50,UJRIQkzHnxwMwrmVwjMstGSoJQBElCclhFTJpaLYZOyAIHrqqdvfbXMEaUVXzxvaWqnhvNcmwRDgPSWtXwXaqxJHGbGFUHpopQHdpKpaUwUSLiPaSlXTPTeS
d7b9a4bf-24a8-44a2-8acf-a64483b11cad,Waterloo,Toronto,2066-09-15 12:42:02,3,46,hEnHdGUjJfvbVPsLDthzLMEjNnRpWqXvmpJdzhYeNquIvpxSAFmrOGKzWsyDvCJYyPTevmiAUKsHWbPvXqHZwwLekHIXfxkdzHxpglmRLGUAcMwMjJnNHFxH
f963c7c6-93c8-4f3c-ae4b-0c6e4943bd30,Toronto,Waterloo,1974-11-24 01:58:12,2,43,scVvzRUakffjVrYUtCTdoHkVGRajCPeiZYzFgeskSFQPykjftcgzqYwXCbXjnvLWAswWDgdbeNdEsbPgjQLWksLGuYQACMETEJgNngmLSSELthuDytijNEka
d7b9a4bf-24a8-44a2-8acf-a64483b11cad,Toronto,Waterloo,2029-12-24 14:01:22,2,43,vyZeZJrfOqubARblDLafGljQXHLXPzsrdhtsKWVQJKsubLGcczhWfZRZskoLUXALzLOAvXRRoKxuWMlOOGiwuECWRljOLpMZDWPCpNPTkgMgOTrqHPGqZEOo
f963c7c6-93c8-4f3c-ae4b-0c6e4943bd30,Toronto,Waterloo,2032-01-16 07:21:53,2,3,OfFpphgkckEbNSQIBzkERbQLNMQPyuBytCWpmzsrGFeWukFHILYtBceLwDGWzWnxMfxhuUCOdxFqKbwesHmLjtwxbNwcneBNAJDVYXQgGzzmeYCCbHCqhXcN
815549cf-cef9-4b8c-8bbf-3625d7fad1fe,Waterloo,Toronto,2031-08-16 16:31:56,2,12,bgtVmAXeogtYWumsOmOUYdJfAdUEpVcezWmLdCtZPQraSlrztaUvPehLNKmtoRAWOFGBXHziUPLKqadjGmPnDIvvkOKevFriSrzwdksjzqvPSOGfCFjqAYUB
2563636d-30d2-49a5-98a4-589895d8b9b3,Waterloo,Toronto,2029-07-19 21:10:33,1,17,PTdOlEPqhsHJVDDRErizkNGWDMdecsvUKuyTyMGGEHbFytOQQGIIMuLnCVwfjoytmIoIIzkOQnHSLamTwrlZqWhJjaIUBnAXIxgDZssLmcXMwJWSbthifsHC
f8cb1d6c-0d4f-46ec-969a-2e1d79f77731,Waterloo,Toronto,2005-05-20 10:53:38,1,8,raEISVyobbPCbFVvmAJdHzGDTctihPaenHmpMIRiMzsjFbbdlJGmIvkOfzcHTSNdgHtrxchnTyWALqoPiPStOTpeCiStHHvrEdWdoiEyQvdJsucZRHukqGYP
a3aebf6a-787d-4b7c-8077-848cd69a6091,Toronto,Waterloo,2073-11-11 22:14:27,3,78,scjxmVBTsAXepJznSTuPQWcXyaJFFFoQQTUuxOplbHzlzJSxGtaOUhHxHOAQRHNWSUCsRuNjjwkcyfQieBoXgPBgGGuIvNejKjivGhpAXTNVSxSfljOcrzQD
44fea350-79bf-462c-8ebe-6221fe47e35a,Toronto,Waterloo,1972-03-05 09:11:46,2,82,JYxBJSlcgjsiWFEfNCnbDzoiJhblVWkeHSqiUkWhCWNPLhkCKiKCnBtfRsowAIWJvEazqmTzKJvcOQBrtnSoPVFuffgXdBAoCWXdWHsuWhGaxlwyajHAxiII
53e02292-c468-4990-a7c0-6831549d69ea,Toronto,Waterloo,2069-06-17 02:23:53,3,36,kBwqccqmXFxQKOfkSObxaDezOKpIeutaRsKAAYxeJcoNZmwLXGoXofVANOVLibTEWrRgekyaJnDqvZKnDVSWSopoVUBdMQBwKQYTwqCcefjpRhCwGFNuWIEt
b7bc51f4-6a41-4d40-b2e0-05e272188fe5,Toronto,Waterloo,1985-12-09 18:47:19,4,16,yKynMGlVzjuJLxMDaVFPDTLRDvtxoynobNGLwZZYkdtikXAeJAmYjyjMucpucqJGIuOpiGeNqprKYSmfQoStdsJJUhoMnBUrfGoowlixRfrgHoDkmwayhcUg
9a1b0274-49d3-433d-9ca6-58d22a776dd6,Toronto,Waterloo,1997-09-22 08:18:47,2,46,ydmSFLTLQXoCcqUfjMSpWuYTzLnhOMQuTwztpMRvWlAwSXTZxTnflXujkNoZmkwpvOLlUimXxxEVnsjaKlqHdKKvLoZaWfZucWfLXlIFZyKWJBCMBaylGKCU
7fdecb32-bf03-48dd-823b-f857a38e1a9c,Waterloo,Toronto,2010-01-11 04:46:12,3,51,KeOeVETHcgbOAMwteXmAfPglSmYgqjWaxnSNDLBRMBxKgitLMOTizqGnWnkMUaTSKeARaCIAohxeDBEBXEsqAoSVkslsurQiYTOGofZrADbeMPifYtcoRDWV
e63d551a-d516-4dfc-8336-f51028af8e32,Waterloo,Toronto,1983-12-28 07:52:25,4,3,CleQrYVUvgCpqDULmHyMPWFFLWhrDedDjPjtSLsrtWhyrOEnXlPcdptYFVluGcPWFbsozefJDQKDGKXkfjArBxYWFFUqBCYVBfiWBLmjplXblnxjXIFVlhEe
8cc718f3-51b6-4e45-86b1-425fdb9012e0,Toronto,Waterloo,2013-05-10 17:30:29,4,99,uuLuuLZOecBSqnUsVnCGcrrpAoWROcCaxBuLYCvzVrOlIpZrbSfbwGlQdjGEpZvnrayUTsnoxxRvWDteCstwsaVVxGQJxQhsJKyspDBNLUMvWkQGnSVvsLFs
2a55dad0-351b-45a9-910e-eae44b80df7b,Waterloo,Toronto,2021-10-04 02:13:06,2,81,MlMrtMlisWzuNtIgEOwIjHsxDhmzDRiHcpNmLDSjJkkKMcxgBGGrQOyqOHYDIlVZORRiYnBmtMGIjrmThramIXgGCoWTFJlYLXOhBfoBzNujLJrljRXfqHzK
ef8c1daf-f905-45c0-8d60-7fa5221f1d11,Waterloo,Toronto,2069-08-05 15:47:12,2,56,OjFiKcQjjGlFyVZQwgVVQulyvICwHcUrATABgLDeiBOiUjgifrglzmKOWfIquQoTHVzTEEOIysFRKSdYOdAlYUFatEfkyUCDmBvXRqvUAErqgQezhCnNXTlh
3d7351e9-b686-4de4-9ca7-109211e2792f,Toronto,Waterloo,2007-10-21 11:57:01,3,57,rcZuRgoXppLkOyKZLKarBvTGarhIMAAeZXzTnYBnwOBOgCSDWCTKNBeeewmKSgfCferysuiwHnzVAPZQbAAkasrYVjCWyfUDtLbTMnVAQDBPvOzZEXeemRbh
933fe805-be33-4676-92c8-eb7cc52c08de,Toronto,Waterloo,2001-11-27 12:36:14,1,94,KODBZLsgjvQQqgbEDYxQuScCXaxPZlpruMIhArHFTMYEiGgtamEbTWrmrHEHKhGGftfyQZPmEucAzzXQzBCrRuDKqazeGaLAcibHKwZvLgJASrANDOvhTjyS
4408f42f-7655-4897-840f-95e6ecb83896,Toronto,Waterloo,2075-04-01 01:58:18,3,40,QgzISOgWGICatljZXfTwvMLilKBuEQVxjneEbvizpZOCXQpAydWufqCSFJgkeWyFenTJRNHSdCnuLsdrcDYogroIKwFdvgBwYoNbExlLhvhSENYaOiyILSlM
8cc718f3-51b6-4e45-86b1-425fdb9012e0,Toronto,Waterloo,2065-06-15 15:38:16,2,77,gZxRTZIlHxKwskBGLcuUAWEZLKyCACljEKcMYUIZnQCOtpKvMdjqwndvCAcrGQWfGGUlAHlOdiIaushBixLMMFdZFRnmcOikQYKbeHsfYakaCVtqIxmQYiWO
78f1b021-1e53-420a-9681-b3472fa5fe6d,Waterloo,Toronto,2021-04-09 11:10:03,3,39,SNcjCBVYtdhRxAEuXsNXpIlPuAVtPOEUItmfYWFNzIyJuiWyPFqhxnTTRiZhUvZRaVZPlDazcKtzYbISlJeLFdEeZRshMTPdIKMXYWscxQDPcIDxMAsQzvIR
38eba974-bf90-486c-8519-5be0148e2423,Waterloo,Toronto,1996-03-04 07:04:51,4,39,KqdCvfLKpSiKQsPzaFGzTgLCxkACBtXrqkhBUFOSIpUjbeeKHbSEIKAUMwvpvdEXRyLDMDYXFieAONfjZwBEbvJSJDSAMkuOffusdfOqGOSSlBiDYyHUBjis
dc0ebf8a-5b15-423b-87e2-8d587a415d19,Toronto,Waterloo,2032-02-23 17:12:36,2,5,GkkWDNQudFMUSbujKIffVcPigCHHTooreJYxjntVZtpVqcBmEUcNomApODpbsLSTfLOtzqLzSWaODsdeoqUZTAZyaAwsWwLgUIBaYBlCXhXcvoghdKUlrtnq
514e225d-b7aa-43b4-99eb-1a8a51755ded,Waterloo,Toronto,2001-08-25 15:43:40,2,17,qujUbqFbwXbKIVmSgAFVnpXPBqjKJUxRMwaEPVSUAqykeNDTIHAtLZunJydpgndYZqrgyNULHUMvucZIoJXFXFQkNbPUwuIPVeAsAaqBVHAKNjTrtekWdBwA
867ed6ea-ee30-4ed6-a69f-25342ab27e50,Toronto,Waterloo,2023-07-18 11:59:47,1,70,WxqroBNcTdRNZDRwfxpFGdxqIcArnbmrbHmhcmuGXlMXkXrTDBcoMJOOXjkJhiQTzfiQDhRpSxXRqujSjJbgmQSgsNxeWDoIAaLPInIemGhoeXBlQVvDmKBr
f5cf9a25-ac6d-4577-ad8a-46fbc1b5600c,Waterloo,Toronto,1997-10-05 17:05:10,1,73,dHKyRnbXpNJnnAiWGriMKPRQeBgWdmGqfpQRQLOPXAukfUjSgoPUTtSTXyRTMBoJnNdpYNehXDgSTAtTypSSUrgLzQWVkkpnqmDwQZuyqedehpCsSBWSTmGy
9359f840-e84d-474a-8bd3-5a5a65e55f74,Toronto,Waterloo,1981-05-31 05:59:43,2,79,FuiHbbdOjgmioRPKunSdlUDMJYweZeyBrmCqOSYkYNuNXErpBrOMZnVBDsQnwFaOVjRjDHLCAlxWstEksEYbvPKdEiQuHjyVDVlcRwUuIUBrMCrJElPRAYmT
ca721c78-12e3-4a9b-ac90-bc78c33ce08b,Waterloo,Toronto,1994-08-27 06:49:14,1,84,VVaBIaDWuFNZgujvCRglAmqcUmmNEmqekMWhHDMTnyeYGQiRNxicqBVjTJkfXDiMnBKcheqghzLLNPplCKHQJoerxlOEzjOHIHofqxbTxwBcZRydZdLssMIx
37ee74e6-db3b-4643-9288-667fb52512b5,Toronto,Waterloo,1985-07-31 00:23:50,4,18,aCIwPHThrDcpzFHkYibnWLjqnLZdmQifAKUXmKXSqTToReQYQPGEvtwYksOdwrDSyLSyRXkILvGRElHfYCscTFsZGJZVqEWOieXIjLiZxGCHXbzDxgzlUiyG
6920305c-c35e-40d1-8ba1-36b648fa7b2b,Toronto,Waterloo,2042-05-14 21:00:09,4,19,QosoNgWQPbWOTUSqbASSehTnlDwcAtXEeCFDQvDXBiTnShjxBEJkeVBBxmVfzgmCJKvWLBJtLCbFoeaDUCLLAuFaHNOGsdtSmSANAccsfRNbFDkajPWQcqbY
3d69c2c9-48cb-41a8-abd6-3e4992ed4d03,Waterloo,Toronto,1976-05-02 20:03:40,1,2,MkktxJUtGtGYOqtoFyEsOaDIjyaLWbceautydAeVgysAoWuThoLadZSZNvMzPCqnPFNoLRAhpbQwycaJdNnHdmrljChrnmrrvLTXuMEPolCHipjsdyKXlOsP
29e16a5b-8c88-48ca-8037-cfdb7acb528a,Toronto,Waterloo,2056-05-23 14:40:37,3,67,UGNMoKqyUWlRJxDnLDYXkqlnvVktgjtDbVIsUKnrCGTEKZZYrlVtamuwVWnpShZrTZmFoYbOeDgHlppIerrpmsvMROHJUFLEzyaAbYsMFAjcCXzoPEdXfIfX
d0d7c349-0685-485f-8b56-d8e70ebf6b67,Waterloo,Toronto,1991-08-26 16:07:05,3,84,LzCDmfdSPAIXAIdLjnSQpjlyaRyjUnrBjwViYLLgWRurqdFYkiXuypbrtrLEDqhprIfzVgfAALyLVOIbJiWSQYcgLKTVOYDEoGfxwzAcXgqpOFXvzxhGVqYz
38eba974-bf90-486c-8519-5be0148e2423,Waterloo,Toronto,2022-06-07 23:24:53,3,13,bAPGOqRvstsnzOdPQZpQnPtXLygTADQZXEFOjuomamjTtYPcDyYhjnuKxjvqvOaoLnenDHNBdJQuHauLiZOHLwVeaYNVIZzaTytnsKONJfQrQchJuqHjXOxN
b2a2e38d-80bf-416a-9784-f19b0f3e1e3f,Waterloo,Toronto,1983-03-14 18:17:17,3,69,sqCnRswIYQquoUFOafeteSedSKzXLpOBFZkpFInnjXQpSUjhEmLsZXIhcdbdFhKUezUhUjUkzijyjzXzIDBlgfVQJpEcLpMQTRxvSRVXKUsvbuqWqzvOMjqA
23e06359-7e54-4dc4-b988-1888b348a9f5,Toronto,Waterloo,2042-02-14 10:13:39,3,6,fBAMXdTLIQMOTMKyRyrWXHqxgLfrXWTEFPLBDdemnYsjGipYSbbahefWwwxtdyLnTswxcaVMuSSkGIVFkBivtyLxEVqAYIJprDAMvGPNRCAbUrXxHwXYhLVE
9d4161c6-df38-43fc-a41c-0c035417208e,Toronto,Waterloo,1986-01-12 16:21:28,2,76,XYtmGVGfmhiBcnyJTByfkmKSkyBdyOrVlOnjNBHlojNebLWrMOuoRFbGfHfHGVEarbPlZjrGGaMxvyKwNIyYcLSPKMeKsXUSybYUAnbLAwHWIVvGIiEfrkWt
efda82a4-4aeb-4397-8338-8fd37f124f4b,Toronto,Waterloo,2026-09-03 20:24:47,2,3,XRBHePvCJWSHiVILjjHAdSqyCufsdnVgkCjFndxKSJwVMiAxKYbWAjqEKhhrTTiqbtkiQZcWBDbpPqpeKBdAYAGOWUtpQDFgbOdkwhoQiUXWMTXgEEleANwo
867ed6ea-ee30-4ed6-a69f-25342ab27e50,Toronto,Waterloo,2033-06-29 08:59:53,1,1,NlKftrggIsSfEERfTLgEkXCNwrkPboiOusnzJSOdXPnOQgIuEIpJJgRihkOAaqEiHWaAfWuIATouJmdLqdJtQCFZKCUlPfbrRUxLftRhzuHUJcJNkPFoDmpU
2c82441a-95ae-4044-8f60-c1af1d741655,Toronto,Waterloo,2026-09-17 03:29:44,3,22,xMNHzSlMJILLUpYUxiBohDMZeoSvdnLsByvICwvPRUDcLWFuMHaEsRBQWDXOanBILBpNWbvFYNQDSvbCVvUZkJPgzohyhEOONcnVwFfvwxdMEfeXeyoQAWEI
ac87e283-3b31-4a0d-abb2-8af6c5e1d688,Toronto,Waterloo,2049-08-15 17:58:02,2,56,ADFtKvUVyJjRepkrJsIxtrEfBPPhfTGSelJkGuOCvfozCXdFgFBKqZhZdaDzFkozieBQjCEjjMwmhnzeAycOEMQcSiXqfoCGOZtfBObEXlsootzldxcBoYts
a32b2830-b93f-4eea-b3d7-ef4e896e4fc3,Waterloo,Toronto,1976-05-04 01:11:51,3,12,nEKLxTGXlixzATENlEegbxaYztFSDQlFfxqXdgGuhDZbpPQMPFqNQpLAPOokqmQfdGryBfmBRHIXrxdblnosXmDwCBTVMNakXsFPupcXlQXmzSJxDKWxcUIe
8d2c51aa-c577-488f-b5b0-86bde7912666,Waterloo,Toronto,2068-07-11 18:09:13,4,83,hxwxPQJSqmoVpIKuQvalxAhUsTILLwuZDYtNwhrlQwyPTXDggdVZHYnhvIwJLqFJZXnLuFfoIipfTqbmFVxeCyKFgEdzreOWYvjjWwalrFDSCyjzxuixgRSD
325852e8-f909-4f93-ac25-f4d8db8cf165,Toronto,Waterloo,2064-02-22 23:47:57,4,97,vEdxdTRSwreAoDsJgMDOgijpeyrymMYheJnKUpbFgfAnPxyjNwInBMPeHkXEwQMKUCZqAJlkJFiyMNyRFrmpedBkxEQbQqJoBxbReUwZejHQwmqxluCgThwQ
0201c93a-89c3-4c59-b7fb-b76c49e0c924,Toronto,Waterloo,1982-04-19 03:14:21,4,71,oIbfbJeIkQXCBqrkZtVRUlftskzfglxiECWxAQSnTBvZZvTWbGDEnAMCWZvcsLqBGIODCyXcUGpmbfOHzvdDngpnyYPsTvTCdAahfcdtXolZMzxbAzrymsHZ
0201c93a-89c3-4c59-b7fb-b76c49e0c924,Waterloo,Toronto,2017-12-28 14:04:35,3,42,JoDKZDQNaWUEdEPFYsdzZyEMYXGoWEFreQxdDBQNLZXPfoOORSkmPGBRJTsCsMlGbeswebWgzesCUrBRvmrOoPPwzdifPToiHBTjnbDLVYvsSYAkJgmLtxpC
c257ed0c-bf07-4f43-8ce6-0637d36138f3,Waterloo,Toronto,2059-09-12 16:24:11,3,34,IgCqpxitqTUEYSszsjHlXtQzXOHtJiPwHhIrsNaUDmhwCyVhENlhpElaFgcTfIvapPQhYTtDZUHqxGAqFTyxCXjUwVeRiqEQTcflWFxRXCLbTqiEZtwPNLEj
d4df9738-8be8-4e9a-826d-8ea34c6d403b,Waterloo,Toronto,2040-05-28 13:39:42,4,50,jbxnlFNgJFVrxPRwjsBGCSAdRqdivljJJYfTueAKwKiyPKsiKbIZTYSsLGauCVAwSUMKkshcYhsIGktgEIKKlZsHdcruuLfwZGacqPLmXlILiQsaDeMbWtXs
155c7b7d-d804-40b9-8573-48d156c9b9c3,Toronto,Waterloo,2009-02-06 16:25:36,3,88,ECkfkWbMSHrdkpWOoJXtixEzXLQmfZZngXBlzgAByRKNdZOlIpARdPOmemHqBldxRcbqejtPJEZvUGzumvAFEUgQkSQGyqdlhKaqkVcbAXksblqWiuiopmeV
